run_id,run_number,commit_sha,commit_message,status,conclusion,workflow_duration_sec,job_name,job_duration_sec,step_name,step_duration_sec,test_count,test_failures,test_time_avg_sec,timestamp,experiment_variation,parallel_jobs,cache_enabled,expand_tests,run_slow_tests,intentional_fail,html_url
26891097320,4,a9f9b807f8aa8d65c16e4633f0b1bd1b16104443,exp:11-sequencial-falha — pipeline sequencial (lint → test),completed,success,83.0,lint,22.0,Set up job,1.0,13,1,0.0001,2026-06-03T14:22:21Z,11-sequencial-falha,False,True,False,False,True,https://github.com/RafaelBarbosa12/ponderada-metricas/actions/runs/26891097320
26891097320,4,a9f9b807f8aa8d65c16e4633f0b1bd1b16104443,exp:11-sequencial-falha — pipeline sequencial (lint → test),completed,success,83.0,lint,22.0,Run actions/checkout@v4,1.0,13,1,0.0001,2026-06-03T14:22:21Z,11-sequencial-falha,False,True,False,False,True,https://github.com/RafaelBarbosa12/ponderada-metricas/actions/runs/26891097320
26891097320,4,a9f9b807f8aa8d65c16e4633f0b1bd1b16104443,exp:11-sequencial-falha — pipeline sequencial (lint → test),completed,success,83.0,lint,22.0,Carregar experiment-config.json,0.0,13,1,0.0001,2026-06-03T14:22:21Z,11-sequencial-falha,False,True,False,False,True,https://github.com/RafaelBarbosa12/ponderada-metricas/actions/runs/26891097320
26891097320,4,a9f9b807f8aa8d65c16e4633f0b1bd1b16104443,exp:11-sequencial-falha — pipeline sequencial (lint → test),completed,success,83.0,lint,22.0,Run actions/setup-python@v5,0.0,13,1,0.0001,2026-06-03T14:22:21Z,11-sequencial-falha,False,True,False,False,True,https://github.com/RafaelBarbosa12/ponderada-metricas/actions/runs/26891097320
26891097320,4,a9f9b807f8aa8d65c16e4633f0b1bd1b16104443,exp:11-sequencial-falha — pipeline sequencial (lint → test),completed,success,83.0,lint,22.0,Cache pip,2.0,13,1,0.0001,2026-06-03T14:22:21Z,11-sequencial-falha,False,True,False,False,True,https://github.com/RafaelBarbosa12/ponderada-metricas/actions/runs/26891097320
26891097320,4,a9f9b807f8aa8d65c16e4633f0b1bd1b16104443,exp:11-sequencial-falha — pipeline sequencial (lint → test),completed,success,83.0,lint,22.0,Instalar e lint,14.0,13,1,0.0001,2026-06-03T14:22:21Z,11-sequencial-falha,False,True,False,False,True,https://github.com/RafaelBarbosa12/ponderada-metricas/actions/runs/26891097320
26891097320,4,a9f9b807f8aa8d65c16e4633f0b1bd1b16104443,exp:11-sequencial-falha — pipeline sequencial (lint → test),completed,success,83.0,lint,22.0,Post Cache pip,0.0,13,1,0.0001,2026-06-03T14:22:21Z,11-sequencial-falha,False,True,False,False,True,https://github.com/RafaelBarbosa12/ponderada-metricas/actions/runs/26891097320
26891097320,4,a9f9b807f8aa8d65c16e4633f0b1bd1b16104443,exp:11-sequencial-falha — pipeline sequencial (lint → test),completed,success,83.0,lint,22.0,Post Run actions/setup-python@v5,0.0,13,1,0.0001,2026-06-03T14:22:21Z,11-sequencial-falha,False,True,False,False,True,https://github.com/RafaelBarbosa12/ponderada-metricas/actions/runs/26891097320
26891097320,4,a9f9b807f8aa8d65c16e4633f0b1bd1b16104443,exp:11-sequencial-falha — pipeline sequencial (lint → test),completed,success,83.0,lint,22.0,Post Run actions/checkout@v4,0.0,13,1,0.0001,2026-06-03T14:22:21Z,11-sequencial-falha,False,True,False,False,True,https://github.com/RafaelBarbosa12/ponderada-metricas/actions/runs/26891097320
26891097320,4,a9f9b807f8aa8d65c16e4633f0b1bd1b16104443,exp:11-sequencial-falha — pipeline sequencial (lint → test),completed,success,83.0,lint,22.0,Complete job,0.0,13,1,0.0001,2026-06-03T14:22:21Z,11-sequencial-falha,False,True,False,False,True,https://github.com/RafaelBarbosa12/ponderada-metricas/actions/runs/26891097320
26891097320,4,a9f9b807f8aa8d65c16e4633f0b1bd1b16104443,exp:11-sequencial-falha — pipeline sequencial (lint → test),completed,success,83.0,test,25.0,Set up job,1.0,13,1,0.0001,2026-06-03T14:22:21Z,11-sequencial-falha,False,True,False,False,True,https://github.com/RafaelBarbosa12/ponderada-metricas/actions/runs/26891097320
26891097320,4,a9f9b807f8aa8d65c16e4633f0b1bd1b16104443,exp:11-sequencial-falha — pipeline sequencial (lint → test),completed,success,83.0,test,25.0,Run actions/checkout@v4,1.0,13,1,0.0001,2026-06-03T14:22:21Z,11-sequencial-falha,False,True,False,False,True,https://github.com/RafaelBarbosa12/ponderada-metricas/actions/runs/26891097320
26891097320,4,a9f9b807f8aa8d65c16e4633f0b1bd1b16104443,exp:11-sequencial-falha — pipeline sequencial (lint → test),completed,success,83.0,test,25.0,Carregar experiment-config.json,0.0,13,1,0.0001,2026-06-03T14:22:21Z,11-sequencial-falha,False,True,False,False,True,https://github.com/RafaelBarbosa12/ponderada-metricas/actions/runs/26891097320
26891097320,4,a9f9b807f8aa8d65c16e4633f0b1bd1b16104443,exp:11-sequencial-falha — pipeline sequencial (lint → test),completed,success,83.0,test,25.0,Run actions/setup-python@v5,1.0,13,1,0.0001,2026-06-03T14:22:21Z,11-sequencial-falha,False,True,False,False,True,https://github.com/RafaelBarbosa12/ponderada-metricas/actions/runs/26891097320
26891097320,4,a9f9b807f8aa8d65c16e4633f0b1bd1b16104443,exp:11-sequencial-falha — pipeline sequencial (lint → test),completed,success,83.0,test,25.0,Cache pip,2.0,13,1,0.0001,2026-06-03T14:22:21Z,11-sequencial-falha,False,True,False,False,True,https://github.com/RafaelBarbosa12/ponderada-metricas/actions/runs/26891097320
26891097320,4,a9f9b807f8aa8d65c16e4633f0b1bd1b16104443,exp:11-sequencial-falha — pipeline sequencial (lint → test),completed,success,83.0,test,25.0,Executar testes,14.0,13,1,0.0001,2026-06-03T14:22:21Z,11-sequencial-falha,False,True,False,False,True,https://github.com/RafaelBarbosa12/ponderada-metricas/actions/runs/26891097320
26891097320,4,a9f9b807f8aa8d65c16e4633f0b1bd1b16104443,exp:11-sequencial-falha — pipeline sequencial (lint → test),completed,success,83.0,test,25.0,Run actions/upload-artifact@v4,1.0,13,1,0.0001,2026-06-03T14:22:21Z,11-sequencial-falha,False,True,False,False,True,https://github.com/RafaelBarbosa12/ponderada-metricas/actions/runs/26891097320
26891097320,4,a9f9b807f8aa8d65c16e4633f0b1bd1b16104443,exp:11-sequencial-falha — pipeline sequencial (lint → test),completed,success,83.0,test,25.0,Post Cache pip,0.0,13,1,0.0001,2026-06-03T14:22:21Z,11-sequencial-falha,False,True,False,False,True,https://github.com/RafaelBarbosa12/ponderada-metricas/actions/runs/26891097320
26891097320,4,a9f9b807f8aa8d65c16e4633f0b1bd1b16104443,exp:11-sequencial-falha — pipeline sequencial (lint → test),completed,success,83.0,test,25.0,Post Run actions/setup-python@v5,0.0,13,1,0.0001,2026-06-03T14:22:21Z,11-sequencial-falha,False,True,False,False,True,https://github.com/RafaelBarbosa12/ponderada-metricas/actions/runs/26891097320
26891097320,4,a9f9b807f8aa8d65c16e4633f0b1bd1b16104443,exp:11-sequencial-falha — pipeline sequencial (lint → test),completed,success,83.0,test,25.0,Post Run actions/checkout@v4,1.0,13,1,0.0001,2026-06-03T14:22:21Z,11-sequencial-falha,False,True,False,False,True,https://github.com/RafaelBarbosa12/ponderada-metricas/actions/runs/26891097320
26891097320,4,a9f9b807f8aa8d65c16e4633f0b1bd1b16104443,exp:11-sequencial-falha — pipeline sequencial (lint → test),completed,success,83.0,test,25.0,Complete job,0.0,13,1,0.0001,2026-06-03T14:22:21Z,11-sequencial-falha,False,True,False,False,True,https://github.com/RafaelBarbosa12/ponderada-metricas/actions/runs/26891097320
26891097320,4,a9f9b807f8aa8d65c16e4633f0b1bd1b16104443,exp:11-sequencial-falha — pipeline sequencial (lint → test),completed,success,83.0,collect-metrics,24.0,Set up job,2.0,13,1,0.0001,2026-06-03T14:22:21Z,11-sequencial-falha,False,True,False,False,True,https://github.com/RafaelBarbosa12/ponderada-metricas/actions/runs/26891097320
26891097320,4,a9f9b807f8aa8d65c16e4633f0b1bd1b16104443,exp:11-sequencial-falha — pipeline sequencial (lint → test),completed,success,83.0,collect-metrics,24.0,Run actions/checkout@v4,1.0,13,1,0.0001,2026-06-03T14:22:21Z,11-sequencial-falha,False,True,False,False,True,https://github.com/RafaelBarbosa12/ponderada-metricas/actions/runs/26891097320
26891097320,4,a9f9b807f8aa8d65c16e4633f0b1bd1b16104443,exp:11-sequencial-falha — pipeline sequencial (lint → test),completed,success,83.0,collect-metrics,24.0,Carregar experiment-config.json,0.0,13,1,0.0001,2026-06-03T14:22:21Z,11-sequencial-falha,False,True,False,False,True,https://github.com/RafaelBarbosa12/ponderada-metricas/actions/runs/26891097320
26891097320,4,a9f9b807f8aa8d65c16e4633f0b1bd1b16104443,exp:11-sequencial-falha — pipeline sequencial (lint → test),completed,success,83.0,collect-metrics,24.0,Run actions/setup-python@v5,1.0,13,1,0.0001,2026-06-03T14:22:21Z,11-sequencial-falha,False,True,False,False,True,https://github.com/RafaelBarbosa12/ponderada-metricas/actions/runs/26891097320
26891097320,4,a9f9b807f8aa8d65c16e4633f0b1bd1b16104443,exp:11-sequencial-falha — pipeline sequencial (lint → test),completed,success,83.0,collect-metrics,24.0,Run actions/download-artifact@v4,1.0,13,1,0.0001,2026-06-03T14:22:21Z,11-sequencial-falha,False,True,False,False,True,https://github.com/RafaelBarbosa12/ponderada-metricas/actions/runs/26891097320
26891097320,4,a9f9b807f8aa8d65c16e4633f0b1bd1b16104443,exp:11-sequencial-falha — pipeline sequencial (lint → test),completed,success,83.0,collect-metrics,24.0,"Run echo ""COMMIT_MESSAGE=$(git log -1 --pretty=%s)"" >> ""$GITHUB_ENV""",0.0,13,1,0.0001,2026-06-03T14:22:21Z,11-sequencial-falha,False,True,False,False,True,https://github.com/RafaelBarbosa12/ponderada-metricas/actions/runs/26891097320
26891097320,4,a9f9b807f8aa8d65c16e4633f0b1bd1b16104443,exp:11-sequencial-falha — pipeline sequencial (lint → test),completed,success,83.0,collect-metrics,24.0,Run pip install -r requirements-dev.txt -q,14.0,13,1,0.0001,2026-06-03T14:22:21Z,11-sequencial-falha,False,True,False,False,True,https://github.com/RafaelBarbosa12/ponderada-metricas/actions/runs/26891097320
26891097320,4,a9f9b807f8aa8d65c16e4633f0b1bd1b16104443,exp:11-sequencial-falha — pipeline sequencial (lint → test),completed,success,83.0,collect-metrics,24.0,Gravar métricas,0.0,13,1,0.0001,2026-06-03T14:22:21Z,11-sequencial-falha,False,True,False,False,True,https://github.com/RafaelBarbosa12/ponderada-metricas/actions/runs/26891097320
26891097320,4,a9f9b807f8aa8d65c16e4633f0b1bd1b16104443,exp:11-sequencial-falha — pipeline sequencial (lint → test),completed,success,83.0,collect-metrics,24.0,Run actions/upload-artifact@v4,1.0,13,1,0.0001,2026-06-03T14:22:21Z,11-sequencial-falha,False,True,False,False,True,https://github.com/RafaelBarbosa12/ponderada-metricas/actions/runs/26891097320
26891097320,4,a9f9b807f8aa8d65c16e4633f0b1bd1b16104443,exp:11-sequencial-falha — pipeline sequencial (lint → test),completed,success,83.0,collect-metrics,24.0,Post Run actions/setup-python@v5,1.0,13,1,0.0001,2026-06-03T14:22:21Z,11-sequencial-falha,False,True,False,False,True,https://github.com/RafaelBarbosa12/ponderada-metricas/actions/runs/26891097320
26891097320,4,a9f9b807f8aa8d65c16e4633f0b1bd1b16104443,exp:11-sequencial-falha — pipeline sequencial (lint → test),completed,success,83.0,collect-metrics,24.0,Post Run actions/checkout@v4,0.0,13,1,0.0001,2026-06-03T14:22:21Z,11-sequencial-falha,False,True,False,False,True,https://github.com/RafaelBarbosa12/ponderada-metricas/actions/runs/26891097320
26891097320,4,a9f9b807f8aa8d65c16e4633f0b1bd1b16104443,exp:11-sequencial-falha — pipeline sequencial (lint → test),completed,success,83.0,collect-metrics,24.0,Complete job,0.0,13,1,0.0001,2026-06-03T14:22:21Z,11-sequencial-falha,False,True,False,False,True,https://github.com/RafaelBarbosa12/ponderada-metricas/actions/runs/26891097320
26891097104,16,a9f9b807f8aa8d65c16e4633f0b1bd1b16104443,exp:11-sequencial-falha — pipeline sequencial (lint → test),completed,success,57.0,lint,28.0,Set up job,1.0,13,1,0.0002,2026-06-03T14:22:21Z,11-sequencial-falha — pipeline sequencial (lint → test),False,True,False,False,True,https://github.com/RafaelBarbosa12/ponderada-metricas/actions/runs/26891097104
26891097104,16,a9f9b807f8aa8d65c16e4633f0b1bd1b16104443,exp:11-sequencial-falha — pipeline sequencial (lint → test),completed,success,57.0,lint,28.0,Run actions/checkout@v4,1.0,13,1,0.0002,2026-06-03T14:22:21Z,11-sequencial-falha — pipeline sequencial (lint → test),False,True,False,False,True,https://github.com/RafaelBarbosa12/ponderada-metricas/actions/runs/26891097104
26891097104,16,a9f9b807f8aa8d65c16e4633f0b1bd1b16104443,exp:11-sequencial-falha — pipeline sequencial (lint → test),completed,success,57.0,lint,28.0,Carregar experiment-config.json,0.0,13,1,0.0002,2026-06-03T14:22:21Z,11-sequencial-falha — pipeline sequencial (lint → test),False,True,False,False,True,https://github.com/RafaelBarbosa12/ponderada-metricas/actions/runs/26891097104
26891097104,16,a9f9b807f8aa8d65c16e4633f0b1bd1b16104443,exp:11-sequencial-falha — pipeline sequencial (lint → test),completed,success,57.0,lint,28.0,Setup Python,0.0,13,1,0.0002,2026-06-03T14:22:21Z,11-sequencial-falha — pipeline sequencial (lint → test),False,True,False,False,True,https://github.com/RafaelBarbosa12/ponderada-metricas/actions/runs/26891097104
26891097104,16,a9f9b807f8aa8d65c16e4633f0b1bd1b16104443,exp:11-sequencial-falha — pipeline sequencial (lint → test),completed,success,57.0,lint,28.0,Cache pip,2.0,13,1,0.0002,2026-06-03T14:22:21Z,11-sequencial-falha — pipeline sequencial (lint → test),False,True,False,False,True,https://github.com/RafaelBarbosa12/ponderada-metricas/actions/runs/26891097104
26891097104,16,a9f9b807f8aa8d65c16e4633f0b1bd1b16104443,exp:11-sequencial-falha — pipeline sequencial (lint → test),completed,success,57.0,lint,28.0,Instalar dependências,20.0,13,1,0.0002,2026-06-03T14:22:21Z,11-sequencial-falha — pipeline sequencial (lint → test),False,True,False,False,True,https://github.com/RafaelBarbosa12/ponderada-metricas/actions/runs/26891097104
26891097104,16,a9f9b807f8aa8d65c16e4633f0b1bd1b16104443,exp:11-sequencial-falha — pipeline sequencial (lint → test),completed,success,57.0,lint,28.0,Ruff (lint),0.0,13,1,0.0002,2026-06-03T14:22:21Z,11-sequencial-falha — pipeline sequencial (lint → test),False,True,False,False,True,https://github.com/RafaelBarbosa12/ponderada-metricas/actions/runs/26891097104
26891097104,16,a9f9b807f8aa8d65c16e4633f0b1bd1b16104443,exp:11-sequencial-falha — pipeline sequencial (lint → test),completed,success,57.0,lint,28.0,Exportar timing lint,0.0,13,1,0.0002,2026-06-03T14:22:21Z,11-sequencial-falha — pipeline sequencial (lint → test),False,True,False,False,True,https://github.com/RafaelBarbosa12/ponderada-metricas/actions/runs/26891097104
26891097104,16,a9f9b807f8aa8d65c16e4633f0b1bd1b16104443,exp:11-sequencial-falha — pipeline sequencial (lint → test),completed,success,57.0,lint,28.0,Post Cache pip,0.0,13,1,0.0002,2026-06-03T14:22:21Z,11-sequencial-falha — pipeline sequencial (lint → test),False,True,False,False,True,https://github.com/RafaelBarbosa12/ponderada-metricas/actions/runs/26891097104
26891097104,16,a9f9b807f8aa8d65c16e4633f0b1bd1b16104443,exp:11-sequencial-falha — pipeline sequencial (lint → test),completed,success,57.0,lint,28.0,Post Setup Python,0.0,13,1,0.0002,2026-06-03T14:22:21Z,11-sequencial-falha — pipeline sequencial (lint → test),False,True,False,False,True,https://github.com/RafaelBarbosa12/ponderada-metricas/actions/runs/26891097104
26891097104,16,a9f9b807f8aa8d65c16e4633f0b1bd1b16104443,exp:11-sequencial-falha — pipeline sequencial (lint → test),completed,success,57.0,lint,28.0,Post Run actions/checkout@v4,0.0,13,1,0.0002,2026-06-03T14:22:21Z,11-sequencial-falha — pipeline sequencial (lint → test),False,True,False,False,True,https://github.com/RafaelBarbosa12/ponderada-metricas/actions/runs/26891097104
26891097104,16,a9f9b807f8aa8d65c16e4633f0b1bd1b16104443,exp:11-sequencial-falha — pipeline sequencial (lint → test),completed,success,57.0,lint,28.0,Complete job,1.0,13,1,0.0002,2026-06-03T14:22:21Z,11-sequencial-falha — pipeline sequencial (lint → test),False,True,False,False,True,https://github.com/RafaelBarbosa12/ponderada-metricas/actions/runs/26891097104
26891097104,16,a9f9b807f8aa8d65c16e4633f0b1bd1b16104443,exp:11-sequencial-falha — pipeline sequencial (lint → test),completed,success,57.0,test,28.0,Set up job,2.0,13,1,0.0002,2026-06-03T14:22:21Z,11-sequencial-falha — pipeline sequencial (lint → test),False,True,False,False,True,https://github.com/RafaelBarbosa12/ponderada-metricas/actions/runs/26891097104
26891097104,16,a9f9b807f8aa8d65c16e4633f0b1bd1b16104443,exp:11-sequencial-falha — pipeline sequencial (lint → test),completed,success,57.0,test,28.0,Run actions/checkout@v4,1.0,13,1,0.0002,2026-06-03T14:22:21Z,11-sequencial-falha — pipeline sequencial (lint → test),False,True,False,False,True,https://github.com/RafaelBarbosa12/ponderada-metricas/actions/runs/26891097104
26891097104,16,a9f9b807f8aa8d65c16e4633f0b1bd1b16104443,exp:11-sequencial-falha — pipeline sequencial (lint → test),completed,success,57.0,test,28.0,Carregar experiment-config.json,0.0,13,1,0.0002,2026-06-03T14:22:21Z,11-sequencial-falha — pipeline sequencial (lint → test),False,True,False,False,True,https://github.com/RafaelBarbosa12/ponderada-metricas/actions/runs/26891097104
26891097104,16,a9f9b807f8aa8d65c16e4633f0b1bd1b16104443,exp:11-sequencial-falha — pipeline sequencial (lint → test),completed,success,57.0,test,28.0,Setup Python,0.0,13,1,0.0002,2026-06-03T14:22:21Z,11-sequencial-falha — pipeline sequencial (lint → test),False,True,False,False,True,https://github.com/RafaelBarbosa12/ponderada-metricas/actions/runs/26891097104
26891097104,16,a9f9b807f8aa8d65c16e4633f0b1bd1b16104443,exp:11-sequencial-falha — pipeline sequencial (lint → test),completed,success,57.0,test,28.0,Cache pip,3.0,13,1,0.0002,2026-06-03T14:22:21Z,11-sequencial-falha — pipeline sequencial (lint → test),False,True,False,False,True,https://github.com/RafaelBarbosa12/ponderada-metricas/actions/runs/26891097104
26891097104,16,a9f9b807f8aa8d65c16e4633f0b1bd1b16104443,exp:11-sequencial-falha — pipeline sequencial (lint → test),completed,success,57.0,test,28.0,Instalar dependências,14.0,13,1,0.0002,2026-06-03T14:22:21Z,11-sequencial-falha — pipeline sequencial (lint → test),False,True,False,False,True,https://github.com/RafaelBarbosa12/ponderada-metricas/actions/runs/26891097104
26891097104,16,a9f9b807f8aa8d65c16e4633f0b1bd1b16104443,exp:11-sequencial-falha — pipeline sequencial (lint → test),completed,success,57.0,test,28.0,Executar testes,1.0,13,1,0.0002,2026-06-03T14:22:21Z,11-sequencial-falha — pipeline sequencial (lint → test),False,True,False,False,True,https://github.com/RafaelBarbosa12/ponderada-metricas/actions/runs/26891097104
26891097104,16,a9f9b807f8aa8d65c16e4633f0b1bd1b16104443,exp:11-sequencial-falha — pipeline sequencial (lint → test),completed,success,57.0,test,28.0,Upload relatório de testes,1.0,13,1,0.0002,2026-06-03T14:22:21Z,11-sequencial-falha — pipeline sequencial (lint → test),False,True,False,False,True,https://github.com/RafaelBarbosa12/ponderada-metricas/actions/runs/26891097104
26891097104,16,a9f9b807f8aa8d65c16e4633f0b1bd1b16104443,exp:11-sequencial-falha — pipeline sequencial (lint → test),completed,success,57.0,test,28.0,Exportar timing test,0.0,13,1,0.0002,2026-06-03T14:22:21Z,11-sequencial-falha — pipeline sequencial (lint → test),False,True,False,False,True,https://github.com/RafaelBarbosa12/ponderada-metricas/actions/runs/26891097104
26891097104,16,a9f9b807f8aa8d65c16e4633f0b1bd1b16104443,exp:11-sequencial-falha — pipeline sequencial (lint → test),completed,success,57.0,test,28.0,Post Cache pip,0.0,13,1,0.0002,2026-06-03T14:22:21Z,11-sequencial-falha — pipeline sequencial (lint → test),False,True,False,False,True,https://github.com/RafaelBarbosa12/ponderada-metricas/actions/runs/26891097104
26891097104,16,a9f9b807f8aa8d65c16e4633f0b1bd1b16104443,exp:11-sequencial-falha — pipeline sequencial (lint → test),completed,success,57.0,test,28.0,Post Setup Python,0.0,13,1,0.0002,2026-06-03T14:22:21Z,11-sequencial-falha — pipeline sequencial (lint → test),False,True,False,False,True,https://github.com/RafaelBarbosa12/ponderada-metricas/actions/runs/26891097104
26891097104,16,a9f9b807f8aa8d65c16e4633f0b1bd1b16104443,exp:11-sequencial-falha — pipeline sequencial (lint → test),completed,success,57.0,test,28.0,Post Run actions/checkout@v4,1.0,13,1,0.0002,2026-06-03T14:22:21Z,11-sequencial-falha — pipeline sequencial (lint → test),False,True,False,False,True,https://github.com/RafaelBarbosa12/ponderada-metricas/actions/runs/26891097104
26891097104,16,a9f9b807f8aa8d65c16e4633f0b1bd1b16104443,exp:11-sequencial-falha — pipeline sequencial (lint → test),completed,success,57.0,test,28.0,Complete job,0.0,13,1,0.0002,2026-06-03T14:22:21Z,11-sequencial-falha — pipeline sequencial (lint → test),False,True,False,False,True,https://github.com/RafaelBarbosa12/ponderada-metricas/actions/runs/26891097104
26891097104,16,a9f9b807f8aa8d65c16e4633f0b1bd1b16104443,exp:11-sequencial-falha — pipeline sequencial (lint → test),completed,success,57.0,collect-metrics,22.0,Set up job,2.0,13,1,0.0002,2026-06-03T14:22:21Z,11-sequencial-falha — pipeline sequencial (lint → test),False,True,False,False,True,https://github.com/RafaelBarbosa12/ponderada-metricas/actions/runs/26891097104
26891097104,16,a9f9b807f8aa8d65c16e4633f0b1bd1b16104443,exp:11-sequencial-falha — pipeline sequencial (lint → test),completed,success,57.0,collect-metrics,22.0,Run actions/checkout@v4,0.0,13,1,0.0002,2026-06-03T14:22:21Z,11-sequencial-falha — pipeline sequencial (lint → test),False,True,False,False,True,https://github.com/RafaelBarbosa12/ponderada-metricas/actions/runs/26891097104
26891097104,16,a9f9b807f8aa8d65c16e4633f0b1bd1b16104443,exp:11-sequencial-falha — pipeline sequencial (lint → test),completed,success,57.0,collect-metrics,22.0,Setup Python,1.0,13,1,0.0002,2026-06-03T14:22:21Z,11-sequencial-falha — pipeline sequencial (lint → test),False,True,False,False,True,https://github.com/RafaelBarbosa12/ponderada-metricas/actions/runs/26891097104
26891097104,16,a9f9b807f8aa8d65c16e4633f0b1bd1b16104443,exp:11-sequencial-falha — pipeline sequencial (lint → test),completed,success,57.0,collect-metrics,22.0,Carregar experiment-config.json,0.0,13,1,0.0002,2026-06-03T14:22:21Z,11-sequencial-falha — pipeline sequencial (lint → test),False,True,False,False,True,https://github.com/RafaelBarbosa12/ponderada-metricas/actions/runs/26891097104
26891097104,16,a9f9b807f8aa8d65c16e4633f0b1bd1b16104443,exp:11-sequencial-falha — pipeline sequencial (lint → test),completed,success,57.0,collect-metrics,22.0,Baixar artefato de testes,1.0,13,1,0.0002,2026-06-03T14:22:21Z,11-sequencial-falha — pipeline sequencial (lint → test),False,True,False,False,True,https://github.com/RafaelBarbosa12/ponderada-metricas/actions/runs/26891097104
26891097104,16,a9f9b807f8aa8d65c16e4633f0b1bd1b16104443,exp:11-sequencial-falha — pipeline sequencial (lint → test),completed,success,57.0,collect-metrics,22.0,Mensagem e variação do experimento,0.0,13,1,0.0002,2026-06-03T14:22:21Z,11-sequencial-falha — pipeline sequencial (lint → test),False,True,False,False,True,https://github.com/RafaelBarbosa12/ponderada-metricas/actions/runs/26891097104
26891097104,16,a9f9b807f8aa8d65c16e4633f0b1bd1b16104443,exp:11-sequencial-falha — pipeline sequencial (lint → test),completed,success,57.0,collect-metrics,22.0,Instalar dependências mínimas,16.0,13,1,0.0002,2026-06-03T14:22:21Z,11-sequencial-falha — pipeline sequencial (lint → test),False,True,False,False,True,https://github.com/RafaelBarbosa12/ponderada-metricas/actions/runs/26891097104
26891097104,16,a9f9b807f8aa8d65c16e4633f0b1bd1b16104443,exp:11-sequencial-falha — pipeline sequencial (lint → test),completed,success,57.0,collect-metrics,22.0,Calcular duração do workflow (aprox.),0.0,13,1,0.0002,2026-06-03T14:22:21Z,11-sequencial-falha — pipeline sequencial (lint → test),False,True,False,False,True,https://github.com/RafaelBarbosa12/ponderada-metricas/actions/runs/26891097104
26891097104,16,a9f9b807f8aa8d65c16e4633f0b1bd1b16104443,exp:11-sequencial-falha — pipeline sequencial (lint → test),completed,success,57.0,collect-metrics,22.0,Gravar métricas locais,0.0,13,1,0.0002,2026-06-03T14:22:21Z,11-sequencial-falha — pipeline sequencial (lint → test),False,True,False,False,True,https://github.com/RafaelBarbosa12/ponderada-metricas/actions/runs/26891097104
26891097104,16,a9f9b807f8aa8d65c16e4633f0b1bd1b16104443,exp:11-sequencial-falha — pipeline sequencial (lint → test),completed,success,57.0,collect-metrics,22.0,Anotar resultados dos jobs,0.0,13,1,0.0002,2026-06-03T14:22:21Z,11-sequencial-falha — pipeline sequencial (lint → test),False,True,False,False,True,https://github.com/RafaelBarbosa12/ponderada-metricas/actions/runs/26891097104
26891097104,16,a9f9b807f8aa8d65c16e4633f0b1bd1b16104443,exp:11-sequencial-falha — pipeline sequencial (lint → test),completed,success,57.0,collect-metrics,22.0,Upload métricas,0.0,13,1,0.0002,2026-06-03T14:22:21Z,11-sequencial-falha — pipeline sequencial (lint → test),False,True,False,False,True,https://github.com/RafaelBarbosa12/ponderada-metricas/actions/runs/26891097104
26891097104,16,a9f9b807f8aa8d65c16e4633f0b1bd1b16104443,exp:11-sequencial-falha — pipeline sequencial (lint → test),completed,success,57.0,collect-metrics,22.0,Resumo no job,1.0,13,1,0.0002,2026-06-03T14:22:21Z,11-sequencial-falha — pipeline sequencial (lint → test),False,True,False,False,True,https://github.com/RafaelBarbosa12/ponderada-metricas/actions/runs/26891097104
26891097104,16,a9f9b807f8aa8d65c16e4633f0b1bd1b16104443,exp:11-sequencial-falha — pipeline sequencial (lint → test),completed,success,57.0,collect-metrics,22.0,Post Setup Python,0.0,13,1,0.0002,2026-06-03T14:22:21Z,11-sequencial-falha — pipeline sequencial (lint → test),False,True,False,False,True,https://github.com/RafaelBarbosa12/ponderada-metricas/actions/runs/26891097104
26891097104,16,a9f9b807f8aa8d65c16e4633f0b1bd1b16104443,exp:11-sequencial-falha — pipeline sequencial (lint → test),completed,success,57.0,collect-metrics,22.0,Post Run actions/checkout@v4,0.0,13,1,0.0002,2026-06-03T14:22:21Z,11-sequencial-falha — pipeline sequencial (lint → test),False,True,False,False,True,https://github.com/RafaelBarbosa12/ponderada-metricas/actions/runs/26891097104
26891097104,16,a9f9b807f8aa8d65c16e4633f0b1bd1b16104443,exp:11-sequencial-falha — pipeline sequencial (lint → test),completed,success,57.0,collect-metrics,22.0,Complete job,0.0,13,1,0.0002,2026-06-03T14:22:21Z,11-sequencial-falha — pipeline sequencial (lint → test),False,True,False,False,True,https://github.com/RafaelBarbosa12/ponderada-metricas/actions/runs/26891097104
26891089322,3,e407558c18c460a36d2d7e21eed88ae5d2a3db22,exp:10-sequencial-expandido — pipeline sequencial (lint → test),completed,success,92.0,lint,27.0,Set up job,1.0,13,0,0.0,2026-06-03T14:22:13Z,10-sequencial-expandido,False,True,True,False,False,https://github.com/RafaelBarbosa12/ponderada-metricas/actions/runs/26891089322
26891089322,3,e407558c18c460a36d2d7e21eed88ae5d2a3db22,exp:10-sequencial-expandido — pipeline sequencial (lint → test),completed,success,92.0,lint,27.0,Run actions/checkout@v4,1.0,13,0,0.0,2026-06-03T14:22:13Z,10-sequencial-expandido,False,True,True,False,False,https://github.com/RafaelBarbosa12/ponderada-metricas/actions/runs/26891089322
26891089322,3,e407558c18c460a36d2d7e21eed88ae5d2a3db22,exp:10-sequencial-expandido — pipeline sequencial (lint → test),completed,success,92.0,lint,27.0,Carregar experiment-config.json,0.0,13,0,0.0,2026-06-03T14:22:13Z,10-sequencial-expandido,False,True,True,False,False,https://github.com/RafaelBarbosa12/ponderada-metricas/actions/runs/26891089322
26891089322,3,e407558c18c460a36d2d7e21eed88ae5d2a3db22,exp:10-sequencial-expandido — pipeline sequencial (lint → test),completed,success,92.0,lint,27.0,Run actions/setup-python@v5,1.0,13,0,0.0,2026-06-03T14:22:13Z,10-sequencial-expandido,False,True,True,False,False,https://github.com/RafaelBarbosa12/ponderada-metricas/actions/runs/26891089322
26891089322,3,e407558c18c460a36d2d7e21eed88ae5d2a3db22,exp:10-sequencial-expandido — pipeline sequencial (lint → test),completed,success,92.0,lint,27.0,Cache pip,0.0,13,0,0.0,2026-06-03T14:22:13Z,10-sequencial-expandido,False,True,True,False,False,https://github.com/RafaelBarbosa12/ponderada-metricas/actions/runs/26891089322
26891089322,3,e407558c18c460a36d2d7e21eed88ae5d2a3db22,exp:10-sequencial-expandido — pipeline sequencial (lint → test),completed,success,92.0,lint,27.0,Instalar e lint,18.0,13,0,0.0,2026-06-03T14:22:13Z,10-sequencial-expandido,False,True,True,False,False,https://github.com/RafaelBarbosa12/ponderada-metricas/actions/runs/26891089322
26891089322,3,e407558c18c460a36d2d7e21eed88ae5d2a3db22,exp:10-sequencial-expandido — pipeline sequencial (lint → test),completed,success,92.0,lint,27.0,Post Cache pip,1.0,13,0,0.0,2026-06-03T14:22:13Z,10-sequencial-expandido,False,True,True,False,False,https://github.com/RafaelBarbosa12/ponderada-metricas/actions/runs/26891089322
26891089322,3,e407558c18c460a36d2d7e21eed88ae5d2a3db22,exp:10-sequencial-expandido — pipeline sequencial (lint → test),completed,success,92.0,lint,27.0,Post Run actions/setup-python@v5,0.0,13,0,0.0,2026-06-03T14:22:13Z,10-sequencial-expandido,False,True,True,False,False,https://github.com/RafaelBarbosa12/ponderada-metricas/actions/runs/26891089322
26891089322,3,e407558c18c460a36d2d7e21eed88ae5d2a3db22,exp:10-sequencial-expandido — pipeline sequencial (lint → test),completed,success,92.0,lint,27.0,Post Run actions/checkout@v4,0.0,13,0,0.0,2026-06-03T14:22:13Z,10-sequencial-expandido,False,True,True,False,False,https://github.com/RafaelBarbosa12/ponderada-metricas/actions/runs/26891089322
26891089322,3,e407558c18c460a36d2d7e21eed88ae5d2a3db22,exp:10-sequencial-expandido — pipeline sequencial (lint → test),completed,success,92.0,lint,27.0,Complete job,0.0,13,0,0.0,2026-06-03T14:22:13Z,10-sequencial-expandido,False,True,True,False,False,https://github.com/RafaelBarbosa12/ponderada-metricas/actions/runs/26891089322
26891089322,3,e407558c18c460a36d2d7e21eed88ae5d2a3db22,exp:10-sequencial-expandido — pipeline sequencial (lint → test),completed,success,92.0,test,24.0,Set up job,1.0,13,0,0.0,2026-06-03T14:22:13Z,10-sequencial-expandido,False,True,True,False,False,https://github.com/RafaelBarbosa12/ponderada-metricas/actions/runs/26891089322
26891089322,3,e407558c18c460a36d2d7e21eed88ae5d2a3db22,exp:10-sequencial-expandido — pipeline sequencial (lint → test),completed,success,92.0,test,24.0,Run actions/checkout@v4,1.0,13,0,0.0,2026-06-03T14:22:13Z,10-sequencial-expandido,False,True,True,False,False,https://github.com/RafaelBarbosa12/ponderada-metricas/actions/runs/26891089322
26891089322,3,e407558c18c460a36d2d7e21eed88ae5d2a3db22,exp:10-sequencial-expandido — pipeline sequencial (lint → test),completed,success,92.0,test,24.0,Carregar experiment-config.json,0.0,13,0,0.0,2026-06-03T14:22:13Z,10-sequencial-expandido,False,True,True,False,False,https://github.com/RafaelBarbosa12/ponderada-metricas/actions/runs/26891089322
26891089322,3,e407558c18c460a36d2d7e21eed88ae5d2a3db22,exp:10-sequencial-expandido — pipeline sequencial (lint → test),completed,success,92.0,test,24.0,Run actions/setup-python@v5,0.0,13,0,0.0,2026-06-03T14:22:13Z,10-sequencial-expandido,False,True,True,False,False,https://github.com/RafaelBarbosa12/ponderada-metricas/actions/runs/26891089322
26891089322,3,e407558c18c460a36d2d7e21eed88ae5d2a3db22,exp:10-sequencial-expandido — pipeline sequencial (lint → test),completed,success,92.0,test,24.0,Cache pip,2.0,13,0,0.0,2026-06-03T14:22:13Z,10-sequencial-expandido,False,True,True,False,False,https://github.com/RafaelBarbosa12/ponderada-metricas/actions/runs/26891089322
26891089322,3,e407558c18c460a36d2d7e21eed88ae5d2a3db22,exp:10-sequencial-expandido — pipeline sequencial (lint → test),completed,success,92.0,test,24.0,Executar testes,14.0,13,0,0.0,2026-06-03T14:22:13Z,10-sequencial-expandido,False,True,True,False,False,https://github.com/RafaelBarbosa12/ponderada-metricas/actions/runs/26891089322
26891089322,3,e407558c18c460a36d2d7e21eed88ae5d2a3db22,exp:10-sequencial-expandido — pipeline sequencial (lint → test),completed,success,92.0,test,24.0,Run actions/upload-artifact@v4,1.0,13,0,0.0,2026-06-03T14:22:13Z,10-sequencial-expandido,False,True,True,False,False,https://github.com/RafaelBarbosa12/ponderada-metricas/actions/runs/26891089322
26891089322,3,e407558c18c460a36d2d7e21eed88ae5d2a3db22,exp:10-sequencial-expandido — pipeline sequencial (lint → test),completed,success,92.0,test,24.0,Post Cache pip,1.0,13,0,0.0,2026-06-03T14:22:13Z,10-sequencial-expandido,False,True,True,False,False,https://github.com/RafaelBarbosa12/ponderada-metricas/actions/runs/26891089322
26891089322,3,e407558c18c460a36d2d7e21eed88ae5d2a3db22,exp:10-sequencial-expandido — pipeline sequencial (lint → test),completed,success,92.0,test,24.0,Post Run actions/setup-python@v5,0.0,13,0,0.0,2026-06-03T14:22:13Z,10-sequencial-expandido,False,True,True,False,False,https://github.com/RafaelBarbosa12/ponderada-metricas/actions/runs/26891089322
26891089322,3,e407558c18c460a36d2d7e21eed88ae5d2a3db22,exp:10-sequencial-expandido — pipeline sequencial (lint → test),completed,success,92.0,test,24.0,Post Run actions/checkout@v4,0.0,13,0,0.0,2026-06-03T14:22:13Z,10-sequencial-expandido,False,True,True,False,False,https://github.com/RafaelBarbosa12/ponderada-metricas/actions/runs/26891089322
26891089322,3,e407558c18c460a36d2d7e21eed88ae5d2a3db22,exp:10-sequencial-expandido — pipeline sequencial (lint → test),completed,success,92.0,test,24.0,Complete job,0.0,13,0,0.0,2026-06-03T14:22:13Z,10-sequencial-expandido,False,True,True,False,False,https://github.com/RafaelBarbosa12/ponderada-metricas/actions/runs/26891089322
26891089322,3,e407558c18c460a36d2d7e21eed88ae5d2a3db22,exp:10-sequencial-expandido — pipeline sequencial (lint → test),completed,success,92.0,collect-metrics,25.0,Set up job,2.0,13,0,0.0,2026-06-03T14:22:13Z,10-sequencial-expandido,False,True,True,False,False,https://github.com/RafaelBarbosa12/ponderada-metricas/actions/runs/26891089322
26891089322,3,e407558c18c460a36d2d7e21eed88ae5d2a3db22,exp:10-sequencial-expandido — pipeline sequencial (lint → test),completed,success,92.0,collect-metrics,25.0,Run actions/checkout@v4,1.0,13,0,0.0,2026-06-03T14:22:13Z,10-sequencial-expandido,False,True,True,False,False,https://github.com/RafaelBarbosa12/ponderada-metricas/actions/runs/26891089322
26891089322,3,e407558c18c460a36d2d7e21eed88ae5d2a3db22,exp:10-sequencial-expandido — pipeline sequencial (lint → test),completed,success,92.0,collect-metrics,25.0,Carregar experiment-config.json,0.0,13,0,0.0,2026-06-03T14:22:13Z,10-sequencial-expandido,False,True,True,False,False,https://github.com/RafaelBarbosa12/ponderada-metricas/actions/runs/26891089322
26891089322,3,e407558c18c460a36d2d7e21eed88ae5d2a3db22,exp:10-sequencial-expandido — pipeline sequencial (lint → test),completed,success,92.0,collect-metrics,25.0,Run actions/setup-python@v5,0.0,13,0,0.0,2026-06-03T14:22:13Z,10-sequencial-expandido,False,True,True,False,False,https://github.com/RafaelBarbosa12/ponderada-metricas/actions/runs/26891089322
26891089322,3,e407558c18c460a36d2d7e21eed88ae5d2a3db22,exp:10-sequencial-expandido — pipeline sequencial (lint → test),completed,success,92.0,collect-metrics,25.0,Run actions/download-artifact@v4,1.0,13,0,0.0,2026-06-03T14:22:13Z,10-sequencial-expandido,False,True,True,False,False,https://github.com/RafaelBarbosa12/ponderada-metricas/actions/runs/26891089322
26891089322,3,e407558c18c460a36d2d7e21eed88ae5d2a3db22,exp:10-sequencial-expandido — pipeline sequencial (lint → test),completed,success,92.0,collect-metrics,25.0,"Run echo ""COMMIT_MESSAGE=$(git log -1 --pretty=%s)"" >> ""$GITHUB_ENV""",0.0,13,0,0.0,2026-06-03T14:22:13Z,10-sequencial-expandido,False,True,True,False,False,https://github.com/RafaelBarbosa12/ponderada-metricas/actions/runs/26891089322
26891089322,3,e407558c18c460a36d2d7e21eed88ae5d2a3db22,exp:10-sequencial-expandido — pipeline sequencial (lint → test),completed,success,92.0,collect-metrics,25.0,Run pip install -r requirements-dev.txt -q,17.0,13,0,0.0,2026-06-03T14:22:13Z,10-sequencial-expandido,False,True,True,False,False,https://github.com/RafaelBarbosa12/ponderada-metricas/actions/runs/26891089322
26891089322,3,e407558c18c460a36d2d7e21eed88ae5d2a3db22,exp:10-sequencial-expandido — pipeline sequencial (lint → test),completed,success,92.0,collect-metrics,25.0,Gravar métricas,0.0,13,0,0.0,2026-06-03T14:22:13Z,10-sequencial-expandido,False,True,True,False,False,https://github.com/RafaelBarbosa12/ponderada-metricas/actions/runs/26891089322
26891089322,3,e407558c18c460a36d2d7e21eed88ae5d2a3db22,exp:10-sequencial-expandido — pipeline sequencial (lint → test),completed,success,92.0,collect-metrics,25.0,Run actions/upload-artifact@v4,1.0,13,0,0.0,2026-06-03T14:22:13Z,10-sequencial-expandido,False,True,True,False,False,https://github.com/RafaelBarbosa12/ponderada-metricas/actions/runs/26891089322
26891089322,3,e407558c18c460a36d2d7e21eed88ae5d2a3db22,exp:10-sequencial-expandido — pipeline sequencial (lint → test),completed,success,92.0,collect-metrics,25.0,Post Run actions/setup-python@v5,0.0,13,0,0.0,2026-06-03T14:22:13Z,10-sequencial-expandido,False,True,True,False,False,https://github.com/RafaelBarbosa12/ponderada-metricas/actions/runs/26891089322
26891089322,3,e407558c18c460a36d2d7e21eed88ae5d2a3db22,exp:10-sequencial-expandido — pipeline sequencial (lint → test),completed,success,92.0,collect-metrics,25.0,Post Run actions/checkout@v4,0.0,13,0,0.0,2026-06-03T14:22:13Z,10-sequencial-expandido,False,True,True,False,False,https://github.com/RafaelBarbosa12/ponderada-metricas/actions/runs/26891089322
26891089322,3,e407558c18c460a36d2d7e21eed88ae5d2a3db22,exp:10-sequencial-expandido — pipeline sequencial (lint → test),completed,success,92.0,collect-metrics,25.0,Complete job,0.0,13,0,0.0,2026-06-03T14:22:13Z,10-sequencial-expandido,False,True,True,False,False,https://github.com/RafaelBarbosa12/ponderada-metricas/actions/runs/26891089322
26891088531,15,e407558c18c460a36d2d7e21eed88ae5d2a3db22,exp:10-sequencial-expandido — pipeline sequencial (lint → test),completed,success,56.0,lint,24.0,Set up job,1.0,13,0,0.0,2026-06-03T14:22:12Z,10-sequencial-expandido — pipeline sequencial (lint → test),False,True,True,False,False,https://github.com/RafaelBarbosa12/ponderada-metricas/actions/runs/26891088531
26891088531,15,e407558c18c460a36d2d7e21eed88ae5d2a3db22,exp:10-sequencial-expandido — pipeline sequencial (lint → test),completed,success,56.0,lint,24.0,Run actions/checkout@v4,1.0,13,0,0.0,2026-06-03T14:22:12Z,10-sequencial-expandido — pipeline sequencial (lint → test),False,True,True,False,False,https://github.com/RafaelBarbosa12/ponderada-metricas/actions/runs/26891088531
26891088531,15,e407558c18c460a36d2d7e21eed88ae5d2a3db22,exp:10-sequencial-expandido — pipeline sequencial (lint → test),completed,success,56.0,lint,24.0,Carregar experiment-config.json,0.0,13,0,0.0,2026-06-03T14:22:12Z,10-sequencial-expandido — pipeline sequencial (lint → test),False,True,True,False,False,https://github.com/RafaelBarbosa12/ponderada-metricas/actions/runs/26891088531
26891088531,15,e407558c18c460a36d2d7e21eed88ae5d2a3db22,exp:10-sequencial-expandido — pipeline sequencial (lint → test),completed,success,56.0,lint,24.0,Setup Python,0.0,13,0,0.0,2026-06-03T14:22:12Z,10-sequencial-expandido — pipeline sequencial (lint → test),False,True,True,False,False,https://github.com/RafaelBarbosa12/ponderada-metricas/actions/runs/26891088531
26891088531,15,e407558c18c460a36d2d7e21eed88ae5d2a3db22,exp:10-sequencial-expandido — pipeline sequencial (lint → test),completed,success,56.0,lint,24.0,Cache pip,4.0,13,0,0.0,2026-06-03T14:22:12Z,10-sequencial-expandido — pipeline sequencial (lint → test),False,True,True,False,False,https://github.com/RafaelBarbosa12/ponderada-metricas/actions/runs/26891088531
26891088531,15,e407558c18c460a36d2d7e21eed88ae5d2a3db22,exp:10-sequencial-expandido — pipeline sequencial (lint → test),completed,success,56.0,lint,24.0,Instalar dependências,13.0,13,0,0.0,2026-06-03T14:22:12Z,10-sequencial-expandido — pipeline sequencial (lint → test),False,True,True,False,False,https://github.com/RafaelBarbosa12/ponderada-metricas/actions/runs/26891088531
26891088531,15,e407558c18c460a36d2d7e21eed88ae5d2a3db22,exp:10-sequencial-expandido — pipeline sequencial (lint → test),completed,success,56.0,lint,24.0,Ruff (lint),0.0,13,0,0.0,2026-06-03T14:22:12Z,10-sequencial-expandido — pipeline sequencial (lint → test),False,True,True,False,False,https://github.com/RafaelBarbosa12/ponderada-metricas/actions/runs/26891088531
26891088531,15,e407558c18c460a36d2d7e21eed88ae5d2a3db22,exp:10-sequencial-expandido — pipeline sequencial (lint → test),completed,success,56.0,lint,24.0,Exportar timing lint,0.0,13,0,0.0,2026-06-03T14:22:12Z,10-sequencial-expandido — pipeline sequencial (lint → test),False,True,True,False,False,https://github.com/RafaelBarbosa12/ponderada-metricas/actions/runs/26891088531
26891088531,15,e407558c18c460a36d2d7e21eed88ae5d2a3db22,exp:10-sequencial-expandido — pipeline sequencial (lint → test),completed,success,56.0,lint,24.0,Post Cache pip,0.0,13,0,0.0,2026-06-03T14:22:12Z,10-sequencial-expandido — pipeline sequencial (lint → test),False,True,True,False,False,https://github.com/RafaelBarbosa12/ponderada-metricas/actions/runs/26891088531
26891088531,15,e407558c18c460a36d2d7e21eed88ae5d2a3db22,exp:10-sequencial-expandido — pipeline sequencial (lint → test),completed,success,56.0,lint,24.0,Post Setup Python,0.0,13,0,0.0,2026-06-03T14:22:12Z,10-sequencial-expandido — pipeline sequencial (lint → test),False,True,True,False,False,https://github.com/RafaelBarbosa12/ponderada-metricas/actions/runs/26891088531
26891088531,15,e407558c18c460a36d2d7e21eed88ae5d2a3db22,exp:10-sequencial-expandido — pipeline sequencial (lint → test),completed,success,56.0,lint,24.0,Post Run actions/checkout@v4,0.0,13,0,0.0,2026-06-03T14:22:12Z,10-sequencial-expandido — pipeline sequencial (lint → test),False,True,True,False,False,https://github.com/RafaelBarbosa12/ponderada-metricas/actions/runs/26891088531
26891088531,15,e407558c18c460a36d2d7e21eed88ae5d2a3db22,exp:10-sequencial-expandido — pipeline sequencial (lint → test),completed,success,56.0,lint,24.0,Complete job,0.0,13,0,0.0,2026-06-03T14:22:12Z,10-sequencial-expandido — pipeline sequencial (lint → test),False,True,True,False,False,https://github.com/RafaelBarbosa12/ponderada-metricas/actions/runs/26891088531
26891088531,15,e407558c18c460a36d2d7e21eed88ae5d2a3db22,exp:10-sequencial-expandido — pipeline sequencial (lint → test),completed,success,56.0,test,23.0,Set up job,1.0,13,0,0.0,2026-06-03T14:22:12Z,10-sequencial-expandido — pipeline sequencial (lint → test),False,True,True,False,False,https://github.com/RafaelBarbosa12/ponderada-metricas/actions/runs/26891088531
26891088531,15,e407558c18c460a36d2d7e21eed88ae5d2a3db22,exp:10-sequencial-expandido — pipeline sequencial (lint → test),completed,success,56.0,test,23.0,Run actions/checkout@v4,1.0,13,0,0.0,2026-06-03T14:22:12Z,10-sequencial-expandido — pipeline sequencial (lint → test),False,True,True,False,False,https://github.com/RafaelBarbosa12/ponderada-metricas/actions/runs/26891088531
26891088531,15,e407558c18c460a36d2d7e21eed88ae5d2a3db22,exp:10-sequencial-expandido — pipeline sequencial (lint → test),completed,success,56.0,test,23.0,Carregar experiment-config.json,0.0,13,0,0.0,2026-06-03T14:22:12Z,10-sequencial-expandido — pipeline sequencial (lint → test),False,True,True,False,False,https://github.com/RafaelBarbosa12/ponderada-metricas/actions/runs/26891088531
26891088531,15,e407558c18c460a36d2d7e21eed88ae5d2a3db22,exp:10-sequencial-expandido — pipeline sequencial (lint → test),completed,success,56.0,test,23.0,Setup Python,0.0,13,0,0.0,2026-06-03T14:22:12Z,10-sequencial-expandido — pipeline sequencial (lint → test),False,True,True,False,False,https://github.com/RafaelBarbosa12/ponderada-metricas/actions/runs/26891088531
26891088531,15,e407558c18c460a36d2d7e21eed88ae5d2a3db22,exp:10-sequencial-expandido — pipeline sequencial (lint → test),completed,success,56.0,test,23.0,Cache pip,1.0,13,0,0.0,2026-06-03T14:22:12Z,10-sequencial-expandido — pipeline sequencial (lint → test),False,True,True,False,False,https://github.com/RafaelBarbosa12/ponderada-metricas/actions/runs/26891088531
26891088531,15,e407558c18c460a36d2d7e21eed88ae5d2a3db22,exp:10-sequencial-expandido — pipeline sequencial (lint → test),completed,success,56.0,test,23.0,Instalar dependências,14.0,13,0,0.0,2026-06-03T14:22:12Z,10-sequencial-expandido — pipeline sequencial (lint → test),False,True,True,False,False,https://github.com/RafaelBarbosa12/ponderada-metricas/actions/runs/26891088531
26891088531,15,e407558c18c460a36d2d7e21eed88ae5d2a3db22,exp:10-sequencial-expandido — pipeline sequencial (lint → test),completed,success,56.0,test,23.0,Executar testes,1.0,13,0,0.0,2026-06-03T14:22:12Z,10-sequencial-expandido — pipeline sequencial (lint → test),False,True,True,False,False,https://github.com/RafaelBarbosa12/ponderada-metricas/actions/runs/26891088531
26891088531,15,e407558c18c460a36d2d7e21eed88ae5d2a3db22,exp:10-sequencial-expandido — pipeline sequencial (lint → test),completed,success,56.0,test,23.0,Upload relatório de testes,1.0,13,0,0.0,2026-06-03T14:22:12Z,10-sequencial-expandido — pipeline sequencial (lint → test),False,True,True,False,False,https://github.com/RafaelBarbosa12/ponderada-metricas/actions/runs/26891088531
26891088531,15,e407558c18c460a36d2d7e21eed88ae5d2a3db22,exp:10-sequencial-expandido — pipeline sequencial (lint → test),completed,success,56.0,test,23.0,Exportar timing test,0.0,13,0,0.0,2026-06-03T14:22:12Z,10-sequencial-expandido — pipeline sequencial (lint → test),False,True,True,False,False,https://github.com/RafaelBarbosa12/ponderada-metricas/actions/runs/26891088531
26891088531,15,e407558c18c460a36d2d7e21eed88ae5d2a3db22,exp:10-sequencial-expandido — pipeline sequencial (lint → test),completed,success,56.0,test,23.0,Post Cache pip,0.0,13,0,0.0,2026-06-03T14:22:12Z,10-sequencial-expandido — pipeline sequencial (lint → test),False,True,True,False,False,https://github.com/RafaelBarbosa12/ponderada-metricas/actions/runs/26891088531
26891088531,15,e407558c18c460a36d2d7e21eed88ae5d2a3db22,exp:10-sequencial-expandido — pipeline sequencial (lint → test),completed,success,56.0,test,23.0,Post Setup Python,0.0,13,0,0.0,2026-06-03T14:22:12Z,10-sequencial-expandido — pipeline sequencial (lint → test),False,True,True,False,False,https://github.com/RafaelBarbosa12/ponderada-metricas/actions/runs/26891088531
26891088531,15,e407558c18c460a36d2d7e21eed88ae5d2a3db22,exp:10-sequencial-expandido — pipeline sequencial (lint → test),completed,success,56.0,test,23.0,Post Run actions/checkout@v4,0.0,13,0,0.0,2026-06-03T14:22:12Z,10-sequencial-expandido — pipeline sequencial (lint → test),False,True,True,False,False,https://github.com/RafaelBarbosa12/ponderada-metricas/actions/runs/26891088531
26891088531,15,e407558c18c460a36d2d7e21eed88ae5d2a3db22,exp:10-sequencial-expandido — pipeline sequencial (lint → test),completed,success,56.0,test,23.0,Complete job,0.0,13,0,0.0,2026-06-03T14:22:12Z,10-sequencial-expandido — pipeline sequencial (lint → test),False,True,True,False,False,https://github.com/RafaelBarbosa12/ponderada-metricas/actions/runs/26891088531
26891088531,15,e407558c18c460a36d2d7e21eed88ae5d2a3db22,exp:10-sequencial-expandido — pipeline sequencial (lint → test),completed,success,56.0,collect-metrics,24.0,Set up job,2.0,13,0,0.0,2026-06-03T14:22:12Z,10-sequencial-expandido — pipeline sequencial (lint → test),False,True,True,False,False,https://github.com/RafaelBarbosa12/ponderada-metricas/actions/runs/26891088531
26891088531,15,e407558c18c460a36d2d7e21eed88ae5d2a3db22,exp:10-sequencial-expandido — pipeline sequencial (lint → test),completed,success,56.0,collect-metrics,24.0,Run actions/checkout@v4,1.0,13,0,0.0,2026-06-03T14:22:12Z,10-sequencial-expandido — pipeline sequencial (lint → test),False,True,True,False,False,https://github.com/RafaelBarbosa12/ponderada-metricas/actions/runs/26891088531
26891088531,15,e407558c18c460a36d2d7e21eed88ae5d2a3db22,exp:10-sequencial-expandido — pipeline sequencial (lint → test),completed,success,56.0,collect-metrics,24.0,Setup Python,0.0,13,0,0.0,2026-06-03T14:22:12Z,10-sequencial-expandido — pipeline sequencial (lint → test),False,True,True,False,False,https://github.com/RafaelBarbosa12/ponderada-metricas/actions/runs/26891088531
26891088531,15,e407558c18c460a36d2d7e21eed88ae5d2a3db22,exp:10-sequencial-expandido — pipeline sequencial (lint → test),completed,success,56.0,collect-metrics,24.0,Carregar experiment-config.json,0.0,13,0,0.0,2026-06-03T14:22:12Z,10-sequencial-expandido — pipeline sequencial (lint → test),False,True,True,False,False,https://github.com/RafaelBarbosa12/ponderada-metricas/actions/runs/26891088531
26891088531,15,e407558c18c460a36d2d7e21eed88ae5d2a3db22,exp:10-sequencial-expandido — pipeline sequencial (lint → test),completed,success,56.0,collect-metrics,24.0,Baixar artefato de testes,1.0,13,0,0.0,2026-06-03T14:22:12Z,10-sequencial-expandido — pipeline sequencial (lint → test),False,True,True,False,False,https://github.com/RafaelBarbosa12/ponderada-metricas/actions/runs/26891088531
26891088531,15,e407558c18c460a36d2d7e21eed88ae5d2a3db22,exp:10-sequencial-expandido — pipeline sequencial (lint → test),completed,success,56.0,collect-metrics,24.0,Mensagem e variação do experimento,0.0,13,0,0.0,2026-06-03T14:22:12Z,10-sequencial-expandido — pipeline sequencial (lint → test),False,True,True,False,False,https://github.com/RafaelBarbosa12/ponderada-metricas/actions/runs/26891088531
26891088531,15,e407558c18c460a36d2d7e21eed88ae5d2a3db22,exp:10-sequencial-expandido — pipeline sequencial (lint → test),completed,success,56.0,collect-metrics,24.0,Instalar dependências mínimas,15.0,13,0,0.0,2026-06-03T14:22:12Z,10-sequencial-expandido — pipeline sequencial (lint → test),False,True,True,False,False,https://github.com/RafaelBarbosa12/ponderada-metricas/actions/runs/26891088531
26891088531,15,e407558c18c460a36d2d7e21eed88ae5d2a3db22,exp:10-sequencial-expandido — pipeline sequencial (lint → test),completed,success,56.0,collect-metrics,24.0,Calcular duração do workflow (aprox.),0.0,13,0,0.0,2026-06-03T14:22:12Z,10-sequencial-expandido — pipeline sequencial (lint → test),False,True,True,False,False,https://github.com/RafaelBarbosa12/ponderada-metricas/actions/runs/26891088531
26891088531,15,e407558c18c460a36d2d7e21eed88ae5d2a3db22,exp:10-sequencial-expandido — pipeline sequencial (lint → test),completed,success,56.0,collect-metrics,24.0,Gravar métricas locais,0.0,13,0,0.0,2026-06-03T14:22:12Z,10-sequencial-expandido — pipeline sequencial (lint → test),False,True,True,False,False,https://github.com/RafaelBarbosa12/ponderada-metricas/actions/runs/26891088531
26891088531,15,e407558c18c460a36d2d7e21eed88ae5d2a3db22,exp:10-sequencial-expandido — pipeline sequencial (lint → test),completed,success,56.0,collect-metrics,24.0,Anotar resultados dos jobs,0.0,13,0,0.0,2026-06-03T14:22:12Z,10-sequencial-expandido — pipeline sequencial (lint → test),False,True,True,False,False,https://github.com/RafaelBarbosa12/ponderada-metricas/actions/runs/26891088531
26891088531,15,e407558c18c460a36d2d7e21eed88ae5d2a3db22,exp:10-sequencial-expandido — pipeline sequencial (lint → test),completed,success,56.0,collect-metrics,24.0,Upload métricas,1.0,13,0,0.0,2026-06-03T14:22:12Z,10-sequencial-expandido — pipeline sequencial (lint → test),False,True,True,False,False,https://github.com/RafaelBarbosa12/ponderada-metricas/actions/runs/26891088531
26891088531,15,e407558c18c460a36d2d7e21eed88ae5d2a3db22,exp:10-sequencial-expandido — pipeline sequencial (lint → test),completed,success,56.0,collect-metrics,24.0,Resumo no job,0.0,13,0,0.0,2026-06-03T14:22:12Z,10-sequencial-expandido — pipeline sequencial (lint → test),False,True,True,False,False,https://github.com/RafaelBarbosa12/ponderada-metricas/actions/runs/26891088531
26891088531,15,e407558c18c460a36d2d7e21eed88ae5d2a3db22,exp:10-sequencial-expandido — pipeline sequencial (lint → test),completed,success,56.0,collect-metrics,24.0,Post Setup Python,1.0,13,0,0.0,2026-06-03T14:22:12Z,10-sequencial-expandido — pipeline sequencial (lint → test),False,True,True,False,False,https://github.com/RafaelBarbosa12/ponderada-metricas/actions/runs/26891088531
26891088531,15,e407558c18c460a36d2d7e21eed88ae5d2a3db22,exp:10-sequencial-expandido — pipeline sequencial (lint → test),completed,success,56.0,collect-metrics,24.0,Post Run actions/checkout@v4,0.0,13,0,0.0,2026-06-03T14:22:12Z,10-sequencial-expandido — pipeline sequencial (lint → test),False,True,True,False,False,https://github.com/RafaelBarbosa12/ponderada-metricas/actions/runs/26891088531
26891088531,15,e407558c18c460a36d2d7e21eed88ae5d2a3db22,exp:10-sequencial-expandido — pipeline sequencial (lint → test),completed,success,56.0,collect-metrics,24.0,Complete job,0.0,13,0,0.0,2026-06-03T14:22:12Z,10-sequencial-expandido — pipeline sequencial (lint → test),False,True,True,False,False,https://github.com/RafaelBarbosa12/ponderada-metricas/actions/runs/26891088531
26891081121,2,2aa2b142f78f8be05afaf090452780965d723696,exp:04-sequencial-sem-cache — pipeline sequencial (lint → test),completed,success,76.0,lint,21.0,Set up job,1.0,13,0,0.0,2026-06-03T14:22:05Z,04-sequencial-sem-cache,False,False,False,False,False,https://github.com/RafaelBarbosa12/ponderada-metricas/actions/runs/26891081121
26891081121,2,2aa2b142f78f8be05afaf090452780965d723696,exp:04-sequencial-sem-cache — pipeline sequencial (lint → test),completed,success,76.0,lint,21.0,Run actions/checkout@v4,1.0,13,0,0.0,2026-06-03T14:22:05Z,04-sequencial-sem-cache,False,False,False,False,False,https://github.com/RafaelBarbosa12/ponderada-metricas/actions/runs/26891081121
26891081121,2,2aa2b142f78f8be05afaf090452780965d723696,exp:04-sequencial-sem-cache — pipeline sequencial (lint → test),completed,success,76.0,lint,21.0,Carregar experiment-config.json,0.0,13,0,0.0,2026-06-03T14:22:05Z,04-sequencial-sem-cache,False,False,False,False,False,https://github.com/RafaelBarbosa12/ponderada-metricas/actions/runs/26891081121
26891081121,2,2aa2b142f78f8be05afaf090452780965d723696,exp:04-sequencial-sem-cache — pipeline sequencial (lint → test),completed,success,76.0,lint,21.0,Run actions/setup-python@v5,1.0,13,0,0.0,2026-06-03T14:22:05Z,04-sequencial-sem-cache,False,False,False,False,False,https://github.com/RafaelBarbosa12/ponderada-metricas/actions/runs/26891081121
26891081121,2,2aa2b142f78f8be05afaf090452780965d723696,exp:04-sequencial-sem-cache — pipeline sequencial (lint → test),completed,success,76.0,lint,21.0,Cache pip,0.0,13,0,0.0,2026-06-03T14:22:05Z,04-sequencial-sem-cache,False,False,False,False,False,https://github.com/RafaelBarbosa12/ponderada-metricas/actions/runs/26891081121
26891081121,2,2aa2b142f78f8be05afaf090452780965d723696,exp:04-sequencial-sem-cache — pipeline sequencial (lint → test),completed,success,76.0,lint,21.0,Instalar e lint,13.0,13,0,0.0,2026-06-03T14:22:05Z,04-sequencial-sem-cache,False,False,False,False,False,https://github.com/RafaelBarbosa12/ponderada-metricas/actions/runs/26891081121
26891081121,2,2aa2b142f78f8be05afaf090452780965d723696,exp:04-sequencial-sem-cache — pipeline sequencial (lint → test),completed,success,76.0,lint,21.0,Post Run actions/setup-python@v5,0.0,13,0,0.0,2026-06-03T14:22:05Z,04-sequencial-sem-cache,False,False,False,False,False,https://github.com/RafaelBarbosa12/ponderada-metricas/actions/runs/26891081121
26891081121,2,2aa2b142f78f8be05afaf090452780965d723696,exp:04-sequencial-sem-cache — pipeline sequencial (lint → test),completed,success,76.0,lint,21.0,Post Run actions/checkout@v4,1.0,13,0,0.0,2026-06-03T14:22:05Z,04-sequencial-sem-cache,False,False,False,False,False,https://github.com/RafaelBarbosa12/ponderada-metricas/actions/runs/26891081121
26891081121,2,2aa2b142f78f8be05afaf090452780965d723696,exp:04-sequencial-sem-cache — pipeline sequencial (lint → test),completed,success,76.0,lint,21.0,Complete job,0.0,13,0,0.0,2026-06-03T14:22:05Z,04-sequencial-sem-cache,False,False,False,False,False,https://github.com/RafaelBarbosa12/ponderada-metricas/actions/runs/26891081121
26891081121,2,2aa2b142f78f8be05afaf090452780965d723696,exp:04-sequencial-sem-cache — pipeline sequencial (lint → test),completed,success,76.0,test,23.0,Set up job,2.0,13,0,0.0,2026-06-03T14:22:05Z,04-sequencial-sem-cache,False,False,False,False,False,https://github.com/RafaelBarbosa12/ponderada-metricas/actions/runs/26891081121
26891081121,2,2aa2b142f78f8be05afaf090452780965d723696,exp:04-sequencial-sem-cache — pipeline sequencial (lint → test),completed,success,76.0,test,23.0,Run actions/checkout@v4,1.0,13,0,0.0,2026-06-03T14:22:05Z,04-sequencial-sem-cache,False,False,False,False,False,https://github.com/RafaelBarbosa12/ponderada-metricas/actions/runs/26891081121
26891081121,2,2aa2b142f78f8be05afaf090452780965d723696,exp:04-sequencial-sem-cache — pipeline sequencial (lint → test),completed,success,76.0,test,23.0,Carregar experiment-config.json,0.0,13,0,0.0,2026-06-03T14:22:05Z,04-sequencial-sem-cache,False,False,False,False,False,https://github.com/RafaelBarbosa12/ponderada-metricas/actions/runs/26891081121
26891081121,2,2aa2b142f78f8be05afaf090452780965d723696,exp:04-sequencial-sem-cache — pipeline sequencial (lint → test),completed,success,76.0,test,23.0,Run actions/setup-python@v5,0.0,13,0,0.0,2026-06-03T14:22:05Z,04-sequencial-sem-cache,False,False,False,False,False,https://github.com/RafaelBarbosa12/ponderada-metricas/actions/runs/26891081121
26891081121,2,2aa2b142f78f8be05afaf090452780965d723696,exp:04-sequencial-sem-cache — pipeline sequencial (lint → test),completed,success,76.0,test,23.0,Cache pip,0.0,13,0,0.0,2026-06-03T14:22:05Z,04-sequencial-sem-cache,False,False,False,False,False,https://github.com/RafaelBarbosa12/ponderada-metricas/actions/runs/26891081121
26891081121,2,2aa2b142f78f8be05afaf090452780965d723696,exp:04-sequencial-sem-cache — pipeline sequencial (lint → test),completed,success,76.0,test,23.0,Executar testes,16.0,13,0,0.0,2026-06-03T14:22:05Z,04-sequencial-sem-cache,False,False,False,False,False,https://github.com/RafaelBarbosa12/ponderada-metricas/actions/runs/26891081121
26891081121,2,2aa2b142f78f8be05afaf090452780965d723696,exp:04-sequencial-sem-cache — pipeline sequencial (lint → test),completed,success,76.0,test,23.0,Run actions/upload-artifact@v4,1.0,13,0,0.0,2026-06-03T14:22:05Z,04-sequencial-sem-cache,False,False,False,False,False,https://github.com/RafaelBarbosa12/ponderada-metricas/actions/runs/26891081121
26891081121,2,2aa2b142f78f8be05afaf090452780965d723696,exp:04-sequencial-sem-cache — pipeline sequencial (lint → test),completed,success,76.0,test,23.0,Post Run actions/setup-python@v5,0.0,13,0,0.0,2026-06-03T14:22:05Z,04-sequencial-sem-cache,False,False,False,False,False,https://github.com/RafaelBarbosa12/ponderada-metricas/actions/runs/26891081121
26891081121,2,2aa2b142f78f8be05afaf090452780965d723696,exp:04-sequencial-sem-cache — pipeline sequencial (lint → test),completed,success,76.0,test,23.0,Post Run actions/checkout@v4,0.0,13,0,0.0,2026-06-03T14:22:05Z,04-sequencial-sem-cache,False,False,False,False,False,https://github.com/RafaelBarbosa12/ponderada-metricas/actions/runs/26891081121
26891081121,2,2aa2b142f78f8be05afaf090452780965d723696,exp:04-sequencial-sem-cache — pipeline sequencial (lint → test),completed,success,76.0,test,23.0,Complete job,0.0,13,0,0.0,2026-06-03T14:22:05Z,04-sequencial-sem-cache,False,False,False,False,False,https://github.com/RafaelBarbosa12/ponderada-metricas/actions/runs/26891081121
26891081121,2,2aa2b142f78f8be05afaf090452780965d723696,exp:04-sequencial-sem-cache — pipeline sequencial (lint → test),completed,success,76.0,collect-metrics,23.0,Set up job,1.0,13,0,0.0,2026-06-03T14:22:05Z,04-sequencial-sem-cache,False,False,False,False,False,https://github.com/RafaelBarbosa12/ponderada-metricas/actions/runs/26891081121
26891081121,2,2aa2b142f78f8be05afaf090452780965d723696,exp:04-sequencial-sem-cache — pipeline sequencial (lint → test),completed,success,76.0,collect-metrics,23.0,Run actions/checkout@v4,1.0,13,0,0.0,2026-06-03T14:22:05Z,04-sequencial-sem-cache,False,False,False,False,False,https://github.com/RafaelBarbosa12/ponderada-metricas/actions/runs/26891081121
26891081121,2,2aa2b142f78f8be05afaf090452780965d723696,exp:04-sequencial-sem-cache — pipeline sequencial (lint → test),completed,success,76.0,collect-metrics,23.0,Carregar experiment-config.json,0.0,13,0,0.0,2026-06-03T14:22:05Z,04-sequencial-sem-cache,False,False,False,False,False,https://github.com/RafaelBarbosa12/ponderada-metricas/actions/runs/26891081121
26891081121,2,2aa2b142f78f8be05afaf090452780965d723696,exp:04-sequencial-sem-cache — pipeline sequencial (lint → test),completed,success,76.0,collect-metrics,23.0,Run actions/setup-python@v5,0.0,13,0,0.0,2026-06-03T14:22:05Z,04-sequencial-sem-cache,False,False,False,False,False,https://github.com/RafaelBarbosa12/ponderada-metricas/actions/runs/26891081121
26891081121,2,2aa2b142f78f8be05afaf090452780965d723696,exp:04-sequencial-sem-cache — pipeline sequencial (lint → test),completed,success,76.0,collect-metrics,23.0,Run actions/download-artifact@v4,1.0,13,0,0.0,2026-06-03T14:22:05Z,04-sequencial-sem-cache,False,False,False,False,False,https://github.com/RafaelBarbosa12/ponderada-metricas/actions/runs/26891081121
26891081121,2,2aa2b142f78f8be05afaf090452780965d723696,exp:04-sequencial-sem-cache — pipeline sequencial (lint → test),completed,success,76.0,collect-metrics,23.0,"Run echo ""COMMIT_MESSAGE=$(git log -1 --pretty=%s)"" >> ""$GITHUB_ENV""",0.0,13,0,0.0,2026-06-03T14:22:05Z,04-sequencial-sem-cache,False,False,False,False,False,https://github.com/RafaelBarbosa12/ponderada-metricas/actions/runs/26891081121
26891081121,2,2aa2b142f78f8be05afaf090452780965d723696,exp:04-sequencial-sem-cache — pipeline sequencial (lint → test),completed,success,76.0,collect-metrics,23.0,Run pip install -r requirements-dev.txt -q,16.0,13,0,0.0,2026-06-03T14:22:05Z,04-sequencial-sem-cache,False,False,False,False,False,https://github.com/RafaelBarbosa12/ponderada-metricas/actions/runs/26891081121
26891081121,2,2aa2b142f78f8be05afaf090452780965d723696,exp:04-sequencial-sem-cache — pipeline sequencial (lint → test),completed,success,76.0,collect-metrics,23.0,Gravar métricas,0.0,13,0,0.0,2026-06-03T14:22:05Z,04-sequencial-sem-cache,False,False,False,False,False,https://github.com/RafaelBarbosa12/ponderada-metricas/actions/runs/26891081121
26891081121,2,2aa2b142f78f8be05afaf090452780965d723696,exp:04-sequencial-sem-cache — pipeline sequencial (lint → test),completed,success,76.0,collect-metrics,23.0,Run actions/upload-artifact@v4,0.0,13,0,0.0,2026-06-03T14:22:05Z,04-sequencial-sem-cache,False,False,False,False,False,https://github.com/RafaelBarbosa12/ponderada-metricas/actions/runs/26891081121
26891081121,2,2aa2b142f78f8be05afaf090452780965d723696,exp:04-sequencial-sem-cache — pipeline sequencial (lint → test),completed,success,76.0,collect-metrics,23.0,Post Run actions/setup-python@v5,1.0,13,0,0.0,2026-06-03T14:22:05Z,04-sequencial-sem-cache,False,False,False,False,False,https://github.com/RafaelBarbosa12/ponderada-metricas/actions/runs/26891081121
26891081121,2,2aa2b142f78f8be05afaf090452780965d723696,exp:04-sequencial-sem-cache — pipeline sequencial (lint → test),completed,success,76.0,collect-metrics,23.0,Post Run actions/checkout@v4,0.0,13,0,0.0,2026-06-03T14:22:05Z,04-sequencial-sem-cache,False,False,False,False,False,https://github.com/RafaelBarbosa12/ponderada-metricas/actions/runs/26891081121
26891081121,2,2aa2b142f78f8be05afaf090452780965d723696,exp:04-sequencial-sem-cache — pipeline sequencial (lint → test),completed,success,76.0,collect-metrics,23.0,Complete job,0.0,13,0,0.0,2026-06-03T14:22:05Z,04-sequencial-sem-cache,False,False,False,False,False,https://github.com/RafaelBarbosa12/ponderada-metricas/actions/runs/26891081121
26891081213,14,2aa2b142f78f8be05afaf090452780965d723696,exp:04-sequencial-sem-cache — pipeline sequencial (lint → test),completed,success,55.0,test,27.0,Set up job,2.0,13,0,0.0002,2026-06-03T14:22:05Z,04-sequencial-sem-cache — pipeline sequencial (lint → test),False,False,False,False,False,https://github.com/RafaelBarbosa12/ponderada-metricas/actions/runs/26891081213
26891081213,14,2aa2b142f78f8be05afaf090452780965d723696,exp:04-sequencial-sem-cache — pipeline sequencial (lint → test),completed,success,55.0,test,27.0,Run actions/checkout@v4,1.0,13,0,0.0002,2026-06-03T14:22:05Z,04-sequencial-sem-cache — pipeline sequencial (lint → test),False,False,False,False,False,https://github.com/RafaelBarbosa12/ponderada-metricas/actions/runs/26891081213
26891081213,14,2aa2b142f78f8be05afaf090452780965d723696,exp:04-sequencial-sem-cache — pipeline sequencial (lint → test),completed,success,55.0,test,27.0,Carregar experiment-config.json,0.0,13,0,0.0002,2026-06-03T14:22:05Z,04-sequencial-sem-cache — pipeline sequencial (lint → test),False,False,False,False,False,https://github.com/RafaelBarbosa12/ponderada-metricas/actions/runs/26891081213
26891081213,14,2aa2b142f78f8be05afaf090452780965d723696,exp:04-sequencial-sem-cache — pipeline sequencial (lint → test),completed,success,55.0,test,27.0,Setup Python,0.0,13,0,0.0002,2026-06-03T14:22:05Z,04-sequencial-sem-cache — pipeline sequencial (lint → test),False,False,False,False,False,https://github.com/RafaelBarbosa12/ponderada-metricas/actions/runs/26891081213
26891081213,14,2aa2b142f78f8be05afaf090452780965d723696,exp:04-sequencial-sem-cache — pipeline sequencial (lint → test),completed,success,55.0,test,27.0,Cache pip,0.0,13,0,0.0002,2026-06-03T14:22:05Z,04-sequencial-sem-cache — pipeline sequencial (lint → test),False,False,False,False,False,https://github.com/RafaelBarbosa12/ponderada-metricas/actions/runs/26891081213
26891081213,14,2aa2b142f78f8be05afaf090452780965d723696,exp:04-sequencial-sem-cache — pipeline sequencial (lint → test),completed,success,55.0,test,27.0,Instalar dependências,17.0,13,0,0.0002,2026-06-03T14:22:05Z,04-sequencial-sem-cache — pipeline sequencial (lint → test),False,False,False,False,False,https://github.com/RafaelBarbosa12/ponderada-metricas/actions/runs/26891081213
26891081213,14,2aa2b142f78f8be05afaf090452780965d723696,exp:04-sequencial-sem-cache — pipeline sequencial (lint → test),completed,success,55.0,test,27.0,Executar testes,1.0,13,0,0.0002,2026-06-03T14:22:05Z,04-sequencial-sem-cache — pipeline sequencial (lint → test),False,False,False,False,False,https://github.com/RafaelBarbosa12/ponderada-metricas/actions/runs/26891081213
26891081213,14,2aa2b142f78f8be05afaf090452780965d723696,exp:04-sequencial-sem-cache — pipeline sequencial (lint → test),completed,success,55.0,test,27.0,Upload relatório de testes,1.0,13,0,0.0002,2026-06-03T14:22:05Z,04-sequencial-sem-cache — pipeline sequencial (lint → test),False,False,False,False,False,https://github.com/RafaelBarbosa12/ponderada-metricas/actions/runs/26891081213
26891081213,14,2aa2b142f78f8be05afaf090452780965d723696,exp:04-sequencial-sem-cache — pipeline sequencial (lint → test),completed,success,55.0,test,27.0,Exportar timing test,0.0,13,0,0.0002,2026-06-03T14:22:05Z,04-sequencial-sem-cache — pipeline sequencial (lint → test),False,False,False,False,False,https://github.com/RafaelBarbosa12/ponderada-metricas/actions/runs/26891081213
26891081213,14,2aa2b142f78f8be05afaf090452780965d723696,exp:04-sequencial-sem-cache — pipeline sequencial (lint → test),completed,success,55.0,test,27.0,Post Setup Python,0.0,13,0,0.0002,2026-06-03T14:22:05Z,04-sequencial-sem-cache — pipeline sequencial (lint → test),False,False,False,False,False,https://github.com/RafaelBarbosa12/ponderada-metricas/actions/runs/26891081213
26891081213,14,2aa2b142f78f8be05afaf090452780965d723696,exp:04-sequencial-sem-cache — pipeline sequencial (lint → test),completed,success,55.0,test,27.0,Post Run actions/checkout@v4,0.0,13,0,0.0002,2026-06-03T14:22:05Z,04-sequencial-sem-cache — pipeline sequencial (lint → test),False,False,False,False,False,https://github.com/RafaelBarbosa12/ponderada-metricas/actions/runs/26891081213
26891081213,14,2aa2b142f78f8be05afaf090452780965d723696,exp:04-sequencial-sem-cache — pipeline sequencial (lint → test),completed,success,55.0,test,27.0,Complete job,0.0,13,0,0.0002,2026-06-03T14:22:05Z,04-sequencial-sem-cache — pipeline sequencial (lint → test),False,False,False,False,False,https://github.com/RafaelBarbosa12/ponderada-metricas/actions/runs/26891081213
26891081213,14,2aa2b142f78f8be05afaf090452780965d723696,exp:04-sequencial-sem-cache — pipeline sequencial (lint → test),completed,success,55.0,lint,23.0,Set up job,1.0,13,0,0.0002,2026-06-03T14:22:05Z,04-sequencial-sem-cache — pipeline sequencial (lint → test),False,False,False,False,False,https://github.com/RafaelBarbosa12/ponderada-metricas/actions/runs/26891081213
26891081213,14,2aa2b142f78f8be05afaf090452780965d723696,exp:04-sequencial-sem-cache — pipeline sequencial (lint → test),completed,success,55.0,lint,23.0,Run actions/checkout@v4,0.0,13,0,0.0002,2026-06-03T14:22:05Z,04-sequencial-sem-cache — pipeline sequencial (lint → test),False,False,False,False,False,https://github.com/RafaelBarbosa12/ponderada-metricas/actions/runs/26891081213
26891081213,14,2aa2b142f78f8be05afaf090452780965d723696,exp:04-sequencial-sem-cache — pipeline sequencial (lint → test),completed,success,55.0,lint,23.0,Carregar experiment-config.json,0.0,13,0,0.0002,2026-06-03T14:22:05Z,04-sequencial-sem-cache — pipeline sequencial (lint → test),False,False,False,False,False,https://github.com/RafaelBarbosa12/ponderada-metricas/actions/runs/26891081213
26891081213,14,2aa2b142f78f8be05afaf090452780965d723696,exp:04-sequencial-sem-cache — pipeline sequencial (lint → test),completed,success,55.0,lint,23.0,Setup Python,1.0,13,0,0.0002,2026-06-03T14:22:05Z,04-sequencial-sem-cache — pipeline sequencial (lint → test),False,False,False,False,False,https://github.com/RafaelBarbosa12/ponderada-metricas/actions/runs/26891081213
26891081213,14,2aa2b142f78f8be05afaf090452780965d723696,exp:04-sequencial-sem-cache — pipeline sequencial (lint → test),completed,success,55.0,lint,23.0,Cache pip,0.0,13,0,0.0002,2026-06-03T14:22:05Z,04-sequencial-sem-cache — pipeline sequencial (lint → test),False,False,False,False,False,https://github.com/RafaelBarbosa12/ponderada-metricas/actions/runs/26891081213
26891081213,14,2aa2b142f78f8be05afaf090452780965d723696,exp:04-sequencial-sem-cache — pipeline sequencial (lint → test),completed,success,55.0,lint,23.0,Instalar dependências,16.0,13,0,0.0002,2026-06-03T14:22:05Z,04-sequencial-sem-cache — pipeline sequencial (lint → test),False,False,False,False,False,https://github.com/RafaelBarbosa12/ponderada-metricas/actions/runs/26891081213
26891081213,14,2aa2b142f78f8be05afaf090452780965d723696,exp:04-sequencial-sem-cache — pipeline sequencial (lint → test),completed,success,55.0,lint,23.0,Ruff (lint),0.0,13,0,0.0002,2026-06-03T14:22:05Z,04-sequencial-sem-cache — pipeline sequencial (lint → test),False,False,False,False,False,https://github.com/RafaelBarbosa12/ponderada-metricas/actions/runs/26891081213
26891081213,14,2aa2b142f78f8be05afaf090452780965d723696,exp:04-sequencial-sem-cache — pipeline sequencial (lint → test),completed,success,55.0,lint,23.0,Exportar timing lint,0.0,13,0,0.0002,2026-06-03T14:22:05Z,04-sequencial-sem-cache — pipeline sequencial (lint → test),False,False,False,False,False,https://github.com/RafaelBarbosa12/ponderada-metricas/actions/runs/26891081213
26891081213,14,2aa2b142f78f8be05afaf090452780965d723696,exp:04-sequencial-sem-cache — pipeline sequencial (lint → test),completed,success,55.0,lint,23.0,Post Setup Python,1.0,13,0,0.0002,2026-06-03T14:22:05Z,04-sequencial-sem-cache — pipeline sequencial (lint → test),False,False,False,False,False,https://github.com/RafaelBarbosa12/ponderada-metricas/actions/runs/26891081213
26891081213,14,2aa2b142f78f8be05afaf090452780965d723696,exp:04-sequencial-sem-cache — pipeline sequencial (lint → test),completed,success,55.0,lint,23.0,Post Run actions/checkout@v4,0.0,13,0,0.0002,2026-06-03T14:22:05Z,04-sequencial-sem-cache — pipeline sequencial (lint → test),False,False,False,False,False,https://github.com/RafaelBarbosa12/ponderada-metricas/actions/runs/26891081213
26891081213,14,2aa2b142f78f8be05afaf090452780965d723696,exp:04-sequencial-sem-cache — pipeline sequencial (lint → test),completed,success,55.0,lint,23.0,Complete job,0.0,13,0,0.0002,2026-06-03T14:22:05Z,04-sequencial-sem-cache — pipeline sequencial (lint → test),False,False,False,False,False,https://github.com/RafaelBarbosa12/ponderada-metricas/actions/runs/26891081213
26891081213,14,2aa2b142f78f8be05afaf090452780965d723696,exp:04-sequencial-sem-cache — pipeline sequencial (lint → test),completed,success,55.0,collect-metrics,19.0,Set up job,1.0,13,0,0.0002,2026-06-03T14:22:05Z,04-sequencial-sem-cache — pipeline sequencial (lint → test),False,False,False,False,False,https://github.com/RafaelBarbosa12/ponderada-metricas/actions/runs/26891081213
26891081213,14,2aa2b142f78f8be05afaf090452780965d723696,exp:04-sequencial-sem-cache — pipeline sequencial (lint → test),completed,success,55.0,collect-metrics,19.0,Run actions/checkout@v4,1.0,13,0,0.0002,2026-06-03T14:22:05Z,04-sequencial-sem-cache — pipeline sequencial (lint → test),False,False,False,False,False,https://github.com/RafaelBarbosa12/ponderada-metricas/actions/runs/26891081213
26891081213,14,2aa2b142f78f8be05afaf090452780965d723696,exp:04-sequencial-sem-cache — pipeline sequencial (lint → test),completed,success,55.0,collect-metrics,19.0,Setup Python,0.0,13,0,0.0002,2026-06-03T14:22:05Z,04-sequencial-sem-cache — pipeline sequencial (lint → test),False,False,False,False,False,https://github.com/RafaelBarbosa12/ponderada-metricas/actions/runs/26891081213
26891081213,14,2aa2b142f78f8be05afaf090452780965d723696,exp:04-sequencial-sem-cache — pipeline sequencial (lint → test),completed,success,55.0,collect-metrics,19.0,Carregar experiment-config.json,0.0,13,0,0.0002,2026-06-03T14:22:05Z,04-sequencial-sem-cache — pipeline sequencial (lint → test),False,False,False,False,False,https://github.com/RafaelBarbosa12/ponderada-metricas/actions/runs/26891081213
26891081213,14,2aa2b142f78f8be05afaf090452780965d723696,exp:04-sequencial-sem-cache — pipeline sequencial (lint → test),completed,success,55.0,collect-metrics,19.0,Baixar artefato de testes,1.0,13,0,0.0002,2026-06-03T14:22:05Z,04-sequencial-sem-cache — pipeline sequencial (lint → test),False,False,False,False,False,https://github.com/RafaelBarbosa12/ponderada-metricas/actions/runs/26891081213
26891081213,14,2aa2b142f78f8be05afaf090452780965d723696,exp:04-sequencial-sem-cache — pipeline sequencial (lint → test),completed,success,55.0,collect-metrics,19.0,Mensagem e variação do experimento,0.0,13,0,0.0002,2026-06-03T14:22:05Z,04-sequencial-sem-cache — pipeline sequencial (lint → test),False,False,False,False,False,https://github.com/RafaelBarbosa12/ponderada-metricas/actions/runs/26891081213
26891081213,14,2aa2b142f78f8be05afaf090452780965d723696,exp:04-sequencial-sem-cache — pipeline sequencial (lint → test),completed,success,55.0,collect-metrics,19.0,Instalar dependências mínimas,13.0,13,0,0.0002,2026-06-03T14:22:05Z,04-sequencial-sem-cache — pipeline sequencial (lint → test),False,False,False,False,False,https://github.com/RafaelBarbosa12/ponderada-metricas/actions/runs/26891081213
26891081213,14,2aa2b142f78f8be05afaf090452780965d723696,exp:04-sequencial-sem-cache — pipeline sequencial (lint → test),completed,success,55.0,collect-metrics,19.0,Calcular duração do workflow (aprox.),0.0,13,0,0.0002,2026-06-03T14:22:05Z,04-sequencial-sem-cache — pipeline sequencial (lint → test),False,False,False,False,False,https://github.com/RafaelBarbosa12/ponderada-metricas/actions/runs/26891081213
26891081213,14,2aa2b142f78f8be05afaf090452780965d723696,exp:04-sequencial-sem-cache — pipeline sequencial (lint → test),completed,success,55.0,collect-metrics,19.0,Gravar métricas locais,0.0,13,0,0.0002,2026-06-03T14:22:05Z,04-sequencial-sem-cache — pipeline sequencial (lint → test),False,False,False,False,False,https://github.com/RafaelBarbosa12/ponderada-metricas/actions/runs/26891081213
26891081213,14,2aa2b142f78f8be05afaf090452780965d723696,exp:04-sequencial-sem-cache — pipeline sequencial (lint → test),completed,success,55.0,collect-metrics,19.0,Anotar resultados dos jobs,1.0,13,0,0.0002,2026-06-03T14:22:05Z,04-sequencial-sem-cache — pipeline sequencial (lint → test),False,False,False,False,False,https://github.com/RafaelBarbosa12/ponderada-metricas/actions/runs/26891081213
26891081213,14,2aa2b142f78f8be05afaf090452780965d723696,exp:04-sequencial-sem-cache — pipeline sequencial (lint → test),completed,success,55.0,collect-metrics,19.0,Upload métricas,0.0,13,0,0.0002,2026-06-03T14:22:05Z,04-sequencial-sem-cache — pipeline sequencial (lint → test),False,False,False,False,False,https://github.com/RafaelBarbosa12/ponderada-metricas/actions/runs/26891081213
26891081213,14,2aa2b142f78f8be05afaf090452780965d723696,exp:04-sequencial-sem-cache — pipeline sequencial (lint → test),completed,success,55.0,collect-metrics,19.0,Resumo no job,0.0,13,0,0.0002,2026-06-03T14:22:05Z,04-sequencial-sem-cache — pipeline sequencial (lint → test),False,False,False,False,False,https://github.com/RafaelBarbosa12/ponderada-metricas/actions/runs/26891081213
26891081213,14,2aa2b142f78f8be05afaf090452780965d723696,exp:04-sequencial-sem-cache — pipeline sequencial (lint → test),completed,success,55.0,collect-metrics,19.0,Post Setup Python,1.0,13,0,0.0002,2026-06-03T14:22:05Z,04-sequencial-sem-cache — pipeline sequencial (lint → test),False,False,False,False,False,https://github.com/RafaelBarbosa12/ponderada-metricas/actions/runs/26891081213
26891081213,14,2aa2b142f78f8be05afaf090452780965d723696,exp:04-sequencial-sem-cache — pipeline sequencial (lint → test),completed,success,55.0,collect-metrics,19.0,Post Run actions/checkout@v4,0.0,13,0,0.0002,2026-06-03T14:22:05Z,04-sequencial-sem-cache — pipeline sequencial (lint → test),False,False,False,False,False,https://github.com/RafaelBarbosa12/ponderada-metricas/actions/runs/26891081213
26891081213,14,2aa2b142f78f8be05afaf090452780965d723696,exp:04-sequencial-sem-cache — pipeline sequencial (lint → test),completed,success,55.0,collect-metrics,19.0,Complete job,0.0,13,0,0.0002,2026-06-03T14:22:05Z,04-sequencial-sem-cache — pipeline sequencial (lint → test),False,False,False,False,False,https://github.com/RafaelBarbosa12/ponderada-metricas/actions/runs/26891081213
26891075815,13,63b71e3174e69d0ed87a91c124fc9e2e206f7865,exp:03-sequencial-cache — pipeline sequencial (lint → test),completed,success,57.0,test,22.0,Set up job,1.0,13,0,0.0001,2026-06-03T14:22:00Z,03-sequencial-cache — pipeline sequencial (lint → test),False,True,False,False,False,https://github.com/RafaelBarbosa12/ponderada-metricas/actions/runs/26891075815
26891075815,13,63b71e3174e69d0ed87a91c124fc9e2e206f7865,exp:03-sequencial-cache — pipeline sequencial (lint → test),completed,success,57.0,test,22.0,Run actions/checkout@v4,1.0,13,0,0.0001,2026-06-03T14:22:00Z,03-sequencial-cache — pipeline sequencial (lint → test),False,True,False,False,False,https://github.com/RafaelBarbosa12/ponderada-metricas/actions/runs/26891075815
26891075815,13,63b71e3174e69d0ed87a91c124fc9e2e206f7865,exp:03-sequencial-cache — pipeline sequencial (lint → test),completed,success,57.0,test,22.0,Carregar experiment-config.json,0.0,13,0,0.0001,2026-06-03T14:22:00Z,03-sequencial-cache — pipeline sequencial (lint → test),False,True,False,False,False,https://github.com/RafaelBarbosa12/ponderada-metricas/actions/runs/26891075815
26891075815,13,63b71e3174e69d0ed87a91c124fc9e2e206f7865,exp:03-sequencial-cache — pipeline sequencial (lint → test),completed,success,57.0,test,22.0,Setup Python,0.0,13,0,0.0001,2026-06-03T14:22:00Z,03-sequencial-cache — pipeline sequencial (lint → test),False,True,False,False,False,https://github.com/RafaelBarbosa12/ponderada-metricas/actions/runs/26891075815
26891075815,13,63b71e3174e69d0ed87a91c124fc9e2e206f7865,exp:03-sequencial-cache — pipeline sequencial (lint → test),completed,success,57.0,test,22.0,Cache pip,1.0,13,0,0.0001,2026-06-03T14:22:00Z,03-sequencial-cache — pipeline sequencial (lint → test),False,True,False,False,False,https://github.com/RafaelBarbosa12/ponderada-metricas/actions/runs/26891075815
26891075815,13,63b71e3174e69d0ed87a91c124fc9e2e206f7865,exp:03-sequencial-cache — pipeline sequencial (lint → test),completed,success,57.0,test,22.0,Instalar dependências,15.0,13,0,0.0001,2026-06-03T14:22:00Z,03-sequencial-cache — pipeline sequencial (lint → test),False,True,False,False,False,https://github.com/RafaelBarbosa12/ponderada-metricas/actions/runs/26891075815
26891075815,13,63b71e3174e69d0ed87a91c124fc9e2e206f7865,exp:03-sequencial-cache — pipeline sequencial (lint → test),completed,success,57.0,test,22.0,Executar testes,0.0,13,0,0.0001,2026-06-03T14:22:00Z,03-sequencial-cache — pipeline sequencial (lint → test),False,True,False,False,False,https://github.com/RafaelBarbosa12/ponderada-metricas/actions/runs/26891075815
26891075815,13,63b71e3174e69d0ed87a91c124fc9e2e206f7865,exp:03-sequencial-cache — pipeline sequencial (lint → test),completed,success,57.0,test,22.0,Upload relatório de testes,1.0,13,0,0.0001,2026-06-03T14:22:00Z,03-sequencial-cache — pipeline sequencial (lint → test),False,True,False,False,False,https://github.com/RafaelBarbosa12/ponderada-metricas/actions/runs/26891075815
26891075815,13,63b71e3174e69d0ed87a91c124fc9e2e206f7865,exp:03-sequencial-cache — pipeline sequencial (lint → test),completed,success,57.0,test,22.0,Exportar timing test,0.0,13,0,0.0001,2026-06-03T14:22:00Z,03-sequencial-cache — pipeline sequencial (lint → test),False,True,False,False,False,https://github.com/RafaelBarbosa12/ponderada-metricas/actions/runs/26891075815
26891075815,13,63b71e3174e69d0ed87a91c124fc9e2e206f7865,exp:03-sequencial-cache — pipeline sequencial (lint → test),completed,success,57.0,test,22.0,Post Cache pip,0.0,13,0,0.0001,2026-06-03T14:22:00Z,03-sequencial-cache — pipeline sequencial (lint → test),False,True,False,False,False,https://github.com/RafaelBarbosa12/ponderada-metricas/actions/runs/26891075815
26891075815,13,63b71e3174e69d0ed87a91c124fc9e2e206f7865,exp:03-sequencial-cache — pipeline sequencial (lint → test),completed,success,57.0,test,22.0,Post Setup Python,0.0,13,0,0.0001,2026-06-03T14:22:00Z,03-sequencial-cache — pipeline sequencial (lint → test),False,True,False,False,False,https://github.com/RafaelBarbosa12/ponderada-metricas/actions/runs/26891075815
26891075815,13,63b71e3174e69d0ed87a91c124fc9e2e206f7865,exp:03-sequencial-cache — pipeline sequencial (lint → test),completed,success,57.0,test,22.0,Post Run actions/checkout@v4,0.0,13,0,0.0001,2026-06-03T14:22:00Z,03-sequencial-cache — pipeline sequencial (lint → test),False,True,False,False,False,https://github.com/RafaelBarbosa12/ponderada-metricas/actions/runs/26891075815
26891075815,13,63b71e3174e69d0ed87a91c124fc9e2e206f7865,exp:03-sequencial-cache — pipeline sequencial (lint → test),completed,success,57.0,test,22.0,Complete job,0.0,13,0,0.0001,2026-06-03T14:22:00Z,03-sequencial-cache — pipeline sequencial (lint → test),False,True,False,False,False,https://github.com/RafaelBarbosa12/ponderada-metricas/actions/runs/26891075815
26891075815,13,63b71e3174e69d0ed87a91c124fc9e2e206f7865,exp:03-sequencial-cache — pipeline sequencial (lint → test),completed,success,57.0,lint,22.0,Set up job,1.0,13,0,0.0001,2026-06-03T14:22:00Z,03-sequencial-cache — pipeline sequencial (lint → test),False,True,False,False,False,https://github.com/RafaelBarbosa12/ponderada-metricas/actions/runs/26891075815
26891075815,13,63b71e3174e69d0ed87a91c124fc9e2e206f7865,exp:03-sequencial-cache — pipeline sequencial (lint → test),completed,success,57.0,lint,22.0,Run actions/checkout@v4,1.0,13,0,0.0001,2026-06-03T14:22:00Z,03-sequencial-cache — pipeline sequencial (lint → test),False,True,False,False,False,https://github.com/RafaelBarbosa12/ponderada-metricas/actions/runs/26891075815
26891075815,13,63b71e3174e69d0ed87a91c124fc9e2e206f7865,exp:03-sequencial-cache — pipeline sequencial (lint → test),completed,success,57.0,lint,22.0,Carregar experiment-config.json,0.0,13,0,0.0001,2026-06-03T14:22:00Z,03-sequencial-cache — pipeline sequencial (lint → test),False,True,False,False,False,https://github.com/RafaelBarbosa12/ponderada-metricas/actions/runs/26891075815
26891075815,13,63b71e3174e69d0ed87a91c124fc9e2e206f7865,exp:03-sequencial-cache — pipeline sequencial (lint → test),completed,success,57.0,lint,22.0,Setup Python,0.0,13,0,0.0001,2026-06-03T14:22:00Z,03-sequencial-cache — pipeline sequencial (lint → test),False,True,False,False,False,https://github.com/RafaelBarbosa12/ponderada-metricas/actions/runs/26891075815
26891075815,13,63b71e3174e69d0ed87a91c124fc9e2e206f7865,exp:03-sequencial-cache — pipeline sequencial (lint → test),completed,success,57.0,lint,22.0,Cache pip,1.0,13,0,0.0001,2026-06-03T14:22:00Z,03-sequencial-cache — pipeline sequencial (lint → test),False,True,False,False,False,https://github.com/RafaelBarbosa12/ponderada-metricas/actions/runs/26891075815
26891075815,13,63b71e3174e69d0ed87a91c124fc9e2e206f7865,exp:03-sequencial-cache — pipeline sequencial (lint → test),completed,success,57.0,lint,22.0,Instalar dependências,15.0,13,0,0.0001,2026-06-03T14:22:00Z,03-sequencial-cache — pipeline sequencial (lint → test),False,True,False,False,False,https://github.com/RafaelBarbosa12/ponderada-metricas/actions/runs/26891075815
26891075815,13,63b71e3174e69d0ed87a91c124fc9e2e206f7865,exp:03-sequencial-cache — pipeline sequencial (lint → test),completed,success,57.0,lint,22.0,Ruff (lint),0.0,13,0,0.0001,2026-06-03T14:22:00Z,03-sequencial-cache — pipeline sequencial (lint → test),False,True,False,False,False,https://github.com/RafaelBarbosa12/ponderada-metricas/actions/runs/26891075815
26891075815,13,63b71e3174e69d0ed87a91c124fc9e2e206f7865,exp:03-sequencial-cache — pipeline sequencial (lint → test),completed,success,57.0,lint,22.0,Exportar timing lint,0.0,13,0,0.0001,2026-06-03T14:22:00Z,03-sequencial-cache — pipeline sequencial (lint → test),False,True,False,False,False,https://github.com/RafaelBarbosa12/ponderada-metricas/actions/runs/26891075815
26891075815,13,63b71e3174e69d0ed87a91c124fc9e2e206f7865,exp:03-sequencial-cache — pipeline sequencial (lint → test),completed,success,57.0,lint,22.0,Post Cache pip,0.0,13,0,0.0001,2026-06-03T14:22:00Z,03-sequencial-cache — pipeline sequencial (lint → test),False,True,False,False,False,https://github.com/RafaelBarbosa12/ponderada-metricas/actions/runs/26891075815
26891075815,13,63b71e3174e69d0ed87a91c124fc9e2e206f7865,exp:03-sequencial-cache — pipeline sequencial (lint → test),completed,success,57.0,lint,22.0,Post Setup Python,0.0,13,0,0.0001,2026-06-03T14:22:00Z,03-sequencial-cache — pipeline sequencial (lint → test),False,True,False,False,False,https://github.com/RafaelBarbosa12/ponderada-metricas/actions/runs/26891075815
26891075815,13,63b71e3174e69d0ed87a91c124fc9e2e206f7865,exp:03-sequencial-cache — pipeline sequencial (lint → test),completed,success,57.0,lint,22.0,Post Run actions/checkout@v4,1.0,13,0,0.0001,2026-06-03T14:22:00Z,03-sequencial-cache — pipeline sequencial (lint → test),False,True,False,False,False,https://github.com/RafaelBarbosa12/ponderada-metricas/actions/runs/26891075815
26891075815,13,63b71e3174e69d0ed87a91c124fc9e2e206f7865,exp:03-sequencial-cache — pipeline sequencial (lint → test),completed,success,57.0,lint,22.0,Complete job,0.0,13,0,0.0001,2026-06-03T14:22:00Z,03-sequencial-cache — pipeline sequencial (lint → test),False,True,False,False,False,https://github.com/RafaelBarbosa12/ponderada-metricas/actions/runs/26891075815
26891075815,13,63b71e3174e69d0ed87a91c124fc9e2e206f7865,exp:03-sequencial-cache — pipeline sequencial (lint → test),completed,success,57.0,collect-metrics,27.0,Set up job,2.0,13,0,0.0001,2026-06-03T14:22:00Z,03-sequencial-cache — pipeline sequencial (lint → test),False,True,False,False,False,https://github.com/RafaelBarbosa12/ponderada-metricas/actions/runs/26891075815
26891075815,13,63b71e3174e69d0ed87a91c124fc9e2e206f7865,exp:03-sequencial-cache — pipeline sequencial (lint → test),completed,success,57.0,collect-metrics,27.0,Run actions/checkout@v4,1.0,13,0,0.0001,2026-06-03T14:22:00Z,03-sequencial-cache — pipeline sequencial (lint → test),False,True,False,False,False,https://github.com/RafaelBarbosa12/ponderada-metricas/actions/runs/26891075815
26891075815,13,63b71e3174e69d0ed87a91c124fc9e2e206f7865,exp:03-sequencial-cache — pipeline sequencial (lint → test),completed,success,57.0,collect-metrics,27.0,Setup Python,1.0,13,0,0.0001,2026-06-03T14:22:00Z,03-sequencial-cache — pipeline sequencial (lint → test),False,True,False,False,False,https://github.com/RafaelBarbosa12/ponderada-metricas/actions/runs/26891075815
26891075815,13,63b71e3174e69d0ed87a91c124fc9e2e206f7865,exp:03-sequencial-cache — pipeline sequencial (lint → test),completed,success,57.0,collect-metrics,27.0,Carregar experiment-config.json,0.0,13,0,0.0001,2026-06-03T14:22:00Z,03-sequencial-cache — pipeline sequencial (lint → test),False,True,False,False,False,https://github.com/RafaelBarbosa12/ponderada-metricas/actions/runs/26891075815
26891075815,13,63b71e3174e69d0ed87a91c124fc9e2e206f7865,exp:03-sequencial-cache — pipeline sequencial (lint → test),completed,success,57.0,collect-metrics,27.0,Baixar artefato de testes,1.0,13,0,0.0001,2026-06-03T14:22:00Z,03-sequencial-cache — pipeline sequencial (lint → test),False,True,False,False,False,https://github.com/RafaelBarbosa12/ponderada-metricas/actions/runs/26891075815
26891075815,13,63b71e3174e69d0ed87a91c124fc9e2e206f7865,exp:03-sequencial-cache — pipeline sequencial (lint → test),completed,success,57.0,collect-metrics,27.0,Mensagem e variação do experimento,0.0,13,0,0.0001,2026-06-03T14:22:00Z,03-sequencial-cache — pipeline sequencial (lint → test),False,True,False,False,False,https://github.com/RafaelBarbosa12/ponderada-metricas/actions/runs/26891075815
26891075815,13,63b71e3174e69d0ed87a91c124fc9e2e206f7865,exp:03-sequencial-cache — pipeline sequencial (lint → test),completed,success,57.0,collect-metrics,27.0,Instalar dependências mínimas,15.0,13,0,0.0001,2026-06-03T14:22:00Z,03-sequencial-cache — pipeline sequencial (lint → test),False,True,False,False,False,https://github.com/RafaelBarbosa12/ponderada-metricas/actions/runs/26891075815
26891075815,13,63b71e3174e69d0ed87a91c124fc9e2e206f7865,exp:03-sequencial-cache — pipeline sequencial (lint → test),completed,success,57.0,collect-metrics,27.0,Calcular duração do workflow (aprox.),0.0,13,0,0.0001,2026-06-03T14:22:00Z,03-sequencial-cache — pipeline sequencial (lint → test),False,True,False,False,False,https://github.com/RafaelBarbosa12/ponderada-metricas/actions/runs/26891075815
26891075815,13,63b71e3174e69d0ed87a91c124fc9e2e206f7865,exp:03-sequencial-cache — pipeline sequencial (lint → test),completed,success,57.0,collect-metrics,27.0,Gravar métricas locais,0.0,13,0,0.0001,2026-06-03T14:22:00Z,03-sequencial-cache — pipeline sequencial (lint → test),False,True,False,False,False,https://github.com/RafaelBarbosa12/ponderada-metricas/actions/runs/26891075815
26891075815,13,63b71e3174e69d0ed87a91c124fc9e2e206f7865,exp:03-sequencial-cache — pipeline sequencial (lint → test),completed,success,57.0,collect-metrics,27.0,Anotar resultados dos jobs,0.0,13,0,0.0001,2026-06-03T14:22:00Z,03-sequencial-cache — pipeline sequencial (lint → test),False,True,False,False,False,https://github.com/RafaelBarbosa12/ponderada-metricas/actions/runs/26891075815
26891075815,13,63b71e3174e69d0ed87a91c124fc9e2e206f7865,exp:03-sequencial-cache — pipeline sequencial (lint → test),completed,success,57.0,collect-metrics,27.0,Upload métricas,2.0,13,0,0.0001,2026-06-03T14:22:00Z,03-sequencial-cache — pipeline sequencial (lint → test),False,True,False,False,False,https://github.com/RafaelBarbosa12/ponderada-metricas/actions/runs/26891075815
26891075815,13,63b71e3174e69d0ed87a91c124fc9e2e206f7865,exp:03-sequencial-cache — pipeline sequencial (lint → test),completed,success,57.0,collect-metrics,27.0,Resumo no job,0.0,13,0,0.0001,2026-06-03T14:22:00Z,03-sequencial-cache — pipeline sequencial (lint → test),False,True,False,False,False,https://github.com/RafaelBarbosa12/ponderada-metricas/actions/runs/26891075815
26891075815,13,63b71e3174e69d0ed87a91c124fc9e2e206f7865,exp:03-sequencial-cache — pipeline sequencial (lint → test),completed,success,57.0,collect-metrics,27.0,Post Setup Python,0.0,13,0,0.0001,2026-06-03T14:22:00Z,03-sequencial-cache — pipeline sequencial (lint → test),False,True,False,False,False,https://github.com/RafaelBarbosa12/ponderada-metricas/actions/runs/26891075815
26891075815,13,63b71e3174e69d0ed87a91c124fc9e2e206f7865,exp:03-sequencial-cache — pipeline sequencial (lint → test),completed,success,57.0,collect-metrics,27.0,Post Run actions/checkout@v4,0.0,13,0,0.0001,2026-06-03T14:22:00Z,03-sequencial-cache — pipeline sequencial (lint → test),False,True,False,False,False,https://github.com/RafaelBarbosa12/ponderada-metricas/actions/runs/26891075815
26891075815,13,63b71e3174e69d0ed87a91c124fc9e2e206f7865,exp:03-sequencial-cache — pipeline sequencial (lint → test),completed,success,57.0,collect-metrics,27.0,Complete job,0.0,13,0,0.0001,2026-06-03T14:22:00Z,03-sequencial-cache — pipeline sequencial (lint → test),False,True,False,False,False,https://github.com/RafaelBarbosa12/ponderada-metricas/actions/runs/26891075815
26891075677,1,63b71e3174e69d0ed87a91c124fc9e2e206f7865,exp:03-sequencial-cache — pipeline sequencial (lint → test),completed,success,82.0,lint,21.0,Set up job,1.0,13,0,0.0001,2026-06-03T14:21:59Z,03-sequencial-cache,False,True,False,False,False,https://github.com/RafaelBarbosa12/ponderada-metricas/actions/runs/26891075677
26891075677,1,63b71e3174e69d0ed87a91c124fc9e2e206f7865,exp:03-sequencial-cache — pipeline sequencial (lint → test),completed,success,82.0,lint,21.0,Run actions/checkout@v4,1.0,13,0,0.0001,2026-06-03T14:21:59Z,03-sequencial-cache,False,True,False,False,False,https://github.com/RafaelBarbosa12/ponderada-metricas/actions/runs/26891075677
26891075677,1,63b71e3174e69d0ed87a91c124fc9e2e206f7865,exp:03-sequencial-cache — pipeline sequencial (lint → test),completed,success,82.0,lint,21.0,Carregar experiment-config.json,0.0,13,0,0.0001,2026-06-03T14:21:59Z,03-sequencial-cache,False,True,False,False,False,https://github.com/RafaelBarbosa12/ponderada-metricas/actions/runs/26891075677
26891075677,1,63b71e3174e69d0ed87a91c124fc9e2e206f7865,exp:03-sequencial-cache — pipeline sequencial (lint → test),completed,success,82.0,lint,21.0,Run actions/setup-python@v5,0.0,13,0,0.0001,2026-06-03T14:21:59Z,03-sequencial-cache,False,True,False,False,False,https://github.com/RafaelBarbosa12/ponderada-metricas/actions/runs/26891075677
26891075677,1,63b71e3174e69d0ed87a91c124fc9e2e206f7865,exp:03-sequencial-cache — pipeline sequencial (lint → test),completed,success,82.0,lint,21.0,Cache pip,1.0,13,0,0.0001,2026-06-03T14:21:59Z,03-sequencial-cache,False,True,False,False,False,https://github.com/RafaelBarbosa12/ponderada-metricas/actions/runs/26891075677
26891075677,1,63b71e3174e69d0ed87a91c124fc9e2e206f7865,exp:03-sequencial-cache — pipeline sequencial (lint → test),completed,success,82.0,lint,21.0,Instalar e lint,14.0,13,0,0.0001,2026-06-03T14:21:59Z,03-sequencial-cache,False,True,False,False,False,https://github.com/RafaelBarbosa12/ponderada-metricas/actions/runs/26891075677
26891075677,1,63b71e3174e69d0ed87a91c124fc9e2e206f7865,exp:03-sequencial-cache — pipeline sequencial (lint → test),completed,success,82.0,lint,21.0,Post Cache pip,2.0,13,0,0.0001,2026-06-03T14:21:59Z,03-sequencial-cache,False,True,False,False,False,https://github.com/RafaelBarbosa12/ponderada-metricas/actions/runs/26891075677
26891075677,1,63b71e3174e69d0ed87a91c124fc9e2e206f7865,exp:03-sequencial-cache — pipeline sequencial (lint → test),completed,success,82.0,lint,21.0,Post Run actions/setup-python@v5,0.0,13,0,0.0001,2026-06-03T14:21:59Z,03-sequencial-cache,False,True,False,False,False,https://github.com/RafaelBarbosa12/ponderada-metricas/actions/runs/26891075677
26891075677,1,63b71e3174e69d0ed87a91c124fc9e2e206f7865,exp:03-sequencial-cache — pipeline sequencial (lint → test),completed,success,82.0,lint,21.0,Post Run actions/checkout@v4,0.0,13,0,0.0001,2026-06-03T14:21:59Z,03-sequencial-cache,False,True,False,False,False,https://github.com/RafaelBarbosa12/ponderada-metricas/actions/runs/26891075677
26891075677,1,63b71e3174e69d0ed87a91c124fc9e2e206f7865,exp:03-sequencial-cache — pipeline sequencial (lint → test),completed,success,82.0,lint,21.0,Complete job,0.0,13,0,0.0001,2026-06-03T14:21:59Z,03-sequencial-cache,False,True,False,False,False,https://github.com/RafaelBarbosa12/ponderada-metricas/actions/runs/26891075677
26891075677,1,63b71e3174e69d0ed87a91c124fc9e2e206f7865,exp:03-sequencial-cache — pipeline sequencial (lint → test),completed,success,82.0,test,22.0,Set up job,2.0,13,0,0.0001,2026-06-03T14:21:59Z,03-sequencial-cache,False,True,False,False,False,https://github.com/RafaelBarbosa12/ponderada-metricas/actions/runs/26891075677
26891075677,1,63b71e3174e69d0ed87a91c124fc9e2e206f7865,exp:03-sequencial-cache — pipeline sequencial (lint → test),completed,success,82.0,test,22.0,Run actions/checkout@v4,0.0,13,0,0.0001,2026-06-03T14:21:59Z,03-sequencial-cache,False,True,False,False,False,https://github.com/RafaelBarbosa12/ponderada-metricas/actions/runs/26891075677
26891075677,1,63b71e3174e69d0ed87a91c124fc9e2e206f7865,exp:03-sequencial-cache — pipeline sequencial (lint → test),completed,success,82.0,test,22.0,Carregar experiment-config.json,0.0,13,0,0.0001,2026-06-03T14:21:59Z,03-sequencial-cache,False,True,False,False,False,https://github.com/RafaelBarbosa12/ponderada-metricas/actions/runs/26891075677
26891075677,1,63b71e3174e69d0ed87a91c124fc9e2e206f7865,exp:03-sequencial-cache — pipeline sequencial (lint → test),completed,success,82.0,test,22.0,Run actions/setup-python@v5,0.0,13,0,0.0001,2026-06-03T14:21:59Z,03-sequencial-cache,False,True,False,False,False,https://github.com/RafaelBarbosa12/ponderada-metricas/actions/runs/26891075677
26891075677,1,63b71e3174e69d0ed87a91c124fc9e2e206f7865,exp:03-sequencial-cache — pipeline sequencial (lint → test),completed,success,82.0,test,22.0,Cache pip,2.0,13,0,0.0001,2026-06-03T14:21:59Z,03-sequencial-cache,False,True,False,False,False,https://github.com/RafaelBarbosa12/ponderada-metricas/actions/runs/26891075677
26891075677,1,63b71e3174e69d0ed87a91c124fc9e2e206f7865,exp:03-sequencial-cache — pipeline sequencial (lint → test),completed,success,82.0,test,22.0,Executar testes,13.0,13,0,0.0001,2026-06-03T14:21:59Z,03-sequencial-cache,False,True,False,False,False,https://github.com/RafaelBarbosa12/ponderada-metricas/actions/runs/26891075677
26891075677,1,63b71e3174e69d0ed87a91c124fc9e2e206f7865,exp:03-sequencial-cache — pipeline sequencial (lint → test),completed,success,82.0,test,22.0,Run actions/upload-artifact@v4,1.0,13,0,0.0001,2026-06-03T14:21:59Z,03-sequencial-cache,False,True,False,False,False,https://github.com/RafaelBarbosa12/ponderada-metricas/actions/runs/26891075677
26891075677,1,63b71e3174e69d0ed87a91c124fc9e2e206f7865,exp:03-sequencial-cache — pipeline sequencial (lint → test),completed,success,82.0,test,22.0,Post Cache pip,0.0,13,0,0.0001,2026-06-03T14:21:59Z,03-sequencial-cache,False,True,False,False,False,https://github.com/RafaelBarbosa12/ponderada-metricas/actions/runs/26891075677
26891075677,1,63b71e3174e69d0ed87a91c124fc9e2e206f7865,exp:03-sequencial-cache — pipeline sequencial (lint → test),completed,success,82.0,test,22.0,Post Run actions/setup-python@v5,0.0,13,0,0.0001,2026-06-03T14:21:59Z,03-sequencial-cache,False,True,False,False,False,https://github.com/RafaelBarbosa12/ponderada-metricas/actions/runs/26891075677
26891075677,1,63b71e3174e69d0ed87a91c124fc9e2e206f7865,exp:03-sequencial-cache — pipeline sequencial (lint → test),completed,success,82.0,test,22.0,Post Run actions/checkout@v4,1.0,13,0,0.0001,2026-06-03T14:21:59Z,03-sequencial-cache,False,True,False,False,False,https://github.com/RafaelBarbosa12/ponderada-metricas/actions/runs/26891075677
26891075677,1,63b71e3174e69d0ed87a91c124fc9e2e206f7865,exp:03-sequencial-cache — pipeline sequencial (lint → test),completed,success,82.0,test,22.0,Complete job,0.0,13,0,0.0001,2026-06-03T14:21:59Z,03-sequencial-cache,False,True,False,False,False,https://github.com/RafaelBarbosa12/ponderada-metricas/actions/runs/26891075677
26891075677,1,63b71e3174e69d0ed87a91c124fc9e2e206f7865,exp:03-sequencial-cache — pipeline sequencial (lint → test),completed,success,82.0,collect-metrics,24.0,Set up job,2.0,13,0,0.0001,2026-06-03T14:21:59Z,03-sequencial-cache,False,True,False,False,False,https://github.com/RafaelBarbosa12/ponderada-metricas/actions/runs/26891075677
26891075677,1,63b71e3174e69d0ed87a91c124fc9e2e206f7865,exp:03-sequencial-cache — pipeline sequencial (lint → test),completed,success,82.0,collect-metrics,24.0,Run actions/checkout@v4,1.0,13,0,0.0001,2026-06-03T14:21:59Z,03-sequencial-cache,False,True,False,False,False,https://github.com/RafaelBarbosa12/ponderada-metricas/actions/runs/26891075677
26891075677,1,63b71e3174e69d0ed87a91c124fc9e2e206f7865,exp:03-sequencial-cache — pipeline sequencial (lint → test),completed,success,82.0,collect-metrics,24.0,Carregar experiment-config.json,0.0,13,0,0.0001,2026-06-03T14:21:59Z,03-sequencial-cache,False,True,False,False,False,https://github.com/RafaelBarbosa12/ponderada-metricas/actions/runs/26891075677
26891075677,1,63b71e3174e69d0ed87a91c124fc9e2e206f7865,exp:03-sequencial-cache — pipeline sequencial (lint → test),completed,success,82.0,collect-metrics,24.0,Run actions/setup-python@v5,0.0,13,0,0.0001,2026-06-03T14:21:59Z,03-sequencial-cache,False,True,False,False,False,https://github.com/RafaelBarbosa12/ponderada-metricas/actions/runs/26891075677
26891075677,1,63b71e3174e69d0ed87a91c124fc9e2e206f7865,exp:03-sequencial-cache — pipeline sequencial (lint → test),completed,success,82.0,collect-metrics,24.0,Run actions/download-artifact@v4,1.0,13,0,0.0001,2026-06-03T14:21:59Z,03-sequencial-cache,False,True,False,False,False,https://github.com/RafaelBarbosa12/ponderada-metricas/actions/runs/26891075677
26891075677,1,63b71e3174e69d0ed87a91c124fc9e2e206f7865,exp:03-sequencial-cache — pipeline sequencial (lint → test),completed,success,82.0,collect-metrics,24.0,"Run echo ""COMMIT_MESSAGE=$(git log -1 --pretty=%s)"" >> ""$GITHUB_ENV""",0.0,13,0,0.0001,2026-06-03T14:21:59Z,03-sequencial-cache,False,True,False,False,False,https://github.com/RafaelBarbosa12/ponderada-metricas/actions/runs/26891075677
26891075677,1,63b71e3174e69d0ed87a91c124fc9e2e206f7865,exp:03-sequencial-cache — pipeline sequencial (lint → test),completed,success,82.0,collect-metrics,24.0,Run pip install -r requirements-dev.txt -q,14.0,13,0,0.0001,2026-06-03T14:21:59Z,03-sequencial-cache,False,True,False,False,False,https://github.com/RafaelBarbosa12/ponderada-metricas/actions/runs/26891075677
26891075677,1,63b71e3174e69d0ed87a91c124fc9e2e206f7865,exp:03-sequencial-cache — pipeline sequencial (lint → test),completed,success,82.0,collect-metrics,24.0,Gravar métricas,0.0,13,0,0.0001,2026-06-03T14:21:59Z,03-sequencial-cache,False,True,False,False,False,https://github.com/RafaelBarbosa12/ponderada-metricas/actions/runs/26891075677
26891075677,1,63b71e3174e69d0ed87a91c124fc9e2e206f7865,exp:03-sequencial-cache — pipeline sequencial (lint → test),completed,success,82.0,collect-metrics,24.0,Run actions/upload-artifact@v4,2.0,13,0,0.0001,2026-06-03T14:21:59Z,03-sequencial-cache,False,True,False,False,False,https://github.com/RafaelBarbosa12/ponderada-metricas/actions/runs/26891075677
26891075677,1,63b71e3174e69d0ed87a91c124fc9e2e206f7865,exp:03-sequencial-cache — pipeline sequencial (lint → test),completed,success,82.0,collect-metrics,24.0,Post Run actions/setup-python@v5,0.0,13,0,0.0001,2026-06-03T14:21:59Z,03-sequencial-cache,False,True,False,False,False,https://github.com/RafaelBarbosa12/ponderada-metricas/actions/runs/26891075677
26891075677,1,63b71e3174e69d0ed87a91c124fc9e2e206f7865,exp:03-sequencial-cache — pipeline sequencial (lint → test),completed,success,82.0,collect-metrics,24.0,Post Run actions/checkout@v4,0.0,13,0,0.0001,2026-06-03T14:21:59Z,03-sequencial-cache,False,True,False,False,False,https://github.com/RafaelBarbosa12/ponderada-metricas/actions/runs/26891075677
26891075677,1,63b71e3174e69d0ed87a91c124fc9e2e206f7865,exp:03-sequencial-cache — pipeline sequencial (lint → test),completed,success,82.0,collect-metrics,24.0,Complete job,0.0,13,0,0.0001,2026-06-03T14:21:59Z,03-sequencial-cache,False,True,False,False,False,https://github.com/RafaelBarbosa12/ponderada-metricas/actions/runs/26891075677
26891051184,12,beefed11181a97bbe79cf2f0c39ee7e99459029e,exp:12-baseline-repeticao — variação do experimento CI/CD,completed,success,66.0,lint,30.0,Set up job,2.0,13,0,0.0001,2026-06-03T14:21:36Z,12-baseline-repeticao — variação do experimento CI/CD,True,True,False,False,False,https://github.com/RafaelBarbosa12/ponderada-metricas/actions/runs/26891051184
26891051184,12,beefed11181a97bbe79cf2f0c39ee7e99459029e,exp:12-baseline-repeticao — variação do experimento CI/CD,completed,success,66.0,lint,30.0,Run actions/checkout@v4,1.0,13,0,0.0001,2026-06-03T14:21:36Z,12-baseline-repeticao — variação do experimento CI/CD,True,True,False,False,False,https://github.com/RafaelBarbosa12/ponderada-metricas/actions/runs/26891051184
26891051184,12,beefed11181a97bbe79cf2f0c39ee7e99459029e,exp:12-baseline-repeticao — variação do experimento CI/CD,completed,success,66.0,lint,30.0,Carregar experiment-config.json,0.0,13,0,0.0001,2026-06-03T14:21:36Z,12-baseline-repeticao — variação do experimento CI/CD,True,True,False,False,False,https://github.com/RafaelBarbosa12/ponderada-metricas/actions/runs/26891051184
26891051184,12,beefed11181a97bbe79cf2f0c39ee7e99459029e,exp:12-baseline-repeticao — variação do experimento CI/CD,completed,success,66.0,lint,30.0,Setup Python,0.0,13,0,0.0001,2026-06-03T14:21:36Z,12-baseline-repeticao — variação do experimento CI/CD,True,True,False,False,False,https://github.com/RafaelBarbosa12/ponderada-metricas/actions/runs/26891051184
26891051184,12,beefed11181a97bbe79cf2f0c39ee7e99459029e,exp:12-baseline-repeticao — variação do experimento CI/CD,completed,success,66.0,lint,30.0,Cache pip,7.0,13,0,0.0001,2026-06-03T14:21:36Z,12-baseline-repeticao — variação do experimento CI/CD,True,True,False,False,False,https://github.com/RafaelBarbosa12/ponderada-metricas/actions/runs/26891051184
26891051184,12,beefed11181a97bbe79cf2f0c39ee7e99459029e,exp:12-baseline-repeticao — variação do experimento CI/CD,completed,success,66.0,lint,30.0,Instalar dependências,15.0,13,0,0.0001,2026-06-03T14:21:36Z,12-baseline-repeticao — variação do experimento CI/CD,True,True,False,False,False,https://github.com/RafaelBarbosa12/ponderada-metricas/actions/runs/26891051184
26891051184,12,beefed11181a97bbe79cf2f0c39ee7e99459029e,exp:12-baseline-repeticao — variação do experimento CI/CD,completed,success,66.0,lint,30.0,Ruff (lint),0.0,13,0,0.0001,2026-06-03T14:21:36Z,12-baseline-repeticao — variação do experimento CI/CD,True,True,False,False,False,https://github.com/RafaelBarbosa12/ponderada-metricas/actions/runs/26891051184
26891051184,12,beefed11181a97bbe79cf2f0c39ee7e99459029e,exp:12-baseline-repeticao — variação do experimento CI/CD,completed,success,66.0,lint,30.0,Exportar timing lint,0.0,13,0,0.0001,2026-06-03T14:21:36Z,12-baseline-repeticao — variação do experimento CI/CD,True,True,False,False,False,https://github.com/RafaelBarbosa12/ponderada-metricas/actions/runs/26891051184
26891051184,12,beefed11181a97bbe79cf2f0c39ee7e99459029e,exp:12-baseline-repeticao — variação do experimento CI/CD,completed,success,66.0,lint,30.0,Post Cache pip,0.0,13,0,0.0001,2026-06-03T14:21:36Z,12-baseline-repeticao — variação do experimento CI/CD,True,True,False,False,False,https://github.com/RafaelBarbosa12/ponderada-metricas/actions/runs/26891051184
26891051184,12,beefed11181a97bbe79cf2f0c39ee7e99459029e,exp:12-baseline-repeticao — variação do experimento CI/CD,completed,success,66.0,lint,30.0,Post Setup Python,0.0,13,0,0.0001,2026-06-03T14:21:36Z,12-baseline-repeticao — variação do experimento CI/CD,True,True,False,False,False,https://github.com/RafaelBarbosa12/ponderada-metricas/actions/runs/26891051184
26891051184,12,beefed11181a97bbe79cf2f0c39ee7e99459029e,exp:12-baseline-repeticao — variação do experimento CI/CD,completed,success,66.0,lint,30.0,Post Run actions/checkout@v4,1.0,13,0,0.0001,2026-06-03T14:21:36Z,12-baseline-repeticao — variação do experimento CI/CD,True,True,False,False,False,https://github.com/RafaelBarbosa12/ponderada-metricas/actions/runs/26891051184
26891051184,12,beefed11181a97bbe79cf2f0c39ee7e99459029e,exp:12-baseline-repeticao — variação do experimento CI/CD,completed,success,66.0,lint,30.0,Complete job,0.0,13,0,0.0001,2026-06-03T14:21:36Z,12-baseline-repeticao — variação do experimento CI/CD,True,True,False,False,False,https://github.com/RafaelBarbosa12/ponderada-metricas/actions/runs/26891051184
26891051184,12,beefed11181a97bbe79cf2f0c39ee7e99459029e,exp:12-baseline-repeticao — variação do experimento CI/CD,completed,success,66.0,test,23.0,Set up job,1.0,13,0,0.0001,2026-06-03T14:21:36Z,12-baseline-repeticao — variação do experimento CI/CD,True,True,False,False,False,https://github.com/RafaelBarbosa12/ponderada-metricas/actions/runs/26891051184
26891051184,12,beefed11181a97bbe79cf2f0c39ee7e99459029e,exp:12-baseline-repeticao — variação do experimento CI/CD,completed,success,66.0,test,23.0,Run actions/checkout@v4,1.0,13,0,0.0001,2026-06-03T14:21:36Z,12-baseline-repeticao — variação do experimento CI/CD,True,True,False,False,False,https://github.com/RafaelBarbosa12/ponderada-metricas/actions/runs/26891051184
26891051184,12,beefed11181a97bbe79cf2f0c39ee7e99459029e,exp:12-baseline-repeticao — variação do experimento CI/CD,completed,success,66.0,test,23.0,Carregar experiment-config.json,0.0,13,0,0.0001,2026-06-03T14:21:36Z,12-baseline-repeticao — variação do experimento CI/CD,True,True,False,False,False,https://github.com/RafaelBarbosa12/ponderada-metricas/actions/runs/26891051184
26891051184,12,beefed11181a97bbe79cf2f0c39ee7e99459029e,exp:12-baseline-repeticao — variação do experimento CI/CD,completed,success,66.0,test,23.0,Setup Python,0.0,13,0,0.0001,2026-06-03T14:21:36Z,12-baseline-repeticao — variação do experimento CI/CD,True,True,False,False,False,https://github.com/RafaelBarbosa12/ponderada-metricas/actions/runs/26891051184
26891051184,12,beefed11181a97bbe79cf2f0c39ee7e99459029e,exp:12-baseline-repeticao — variação do experimento CI/CD,completed,success,66.0,test,23.0,Cache pip,1.0,13,0,0.0001,2026-06-03T14:21:36Z,12-baseline-repeticao — variação do experimento CI/CD,True,True,False,False,False,https://github.com/RafaelBarbosa12/ponderada-metricas/actions/runs/26891051184
26891051184,12,beefed11181a97bbe79cf2f0c39ee7e99459029e,exp:12-baseline-repeticao — variação do experimento CI/CD,completed,success,66.0,test,23.0,Instalar dependências,16.0,13,0,0.0001,2026-06-03T14:21:36Z,12-baseline-repeticao — variação do experimento CI/CD,True,True,False,False,False,https://github.com/RafaelBarbosa12/ponderada-metricas/actions/runs/26891051184
26891051184,12,beefed11181a97bbe79cf2f0c39ee7e99459029e,exp:12-baseline-repeticao — variação do experimento CI/CD,completed,success,66.0,test,23.0,Executar testes,0.0,13,0,0.0001,2026-06-03T14:21:36Z,12-baseline-repeticao — variação do experimento CI/CD,True,True,False,False,False,https://github.com/RafaelBarbosa12/ponderada-metricas/actions/runs/26891051184
26891051184,12,beefed11181a97bbe79cf2f0c39ee7e99459029e,exp:12-baseline-repeticao — variação do experimento CI/CD,completed,success,66.0,test,23.0,Upload relatório de testes,1.0,13,0,0.0001,2026-06-03T14:21:36Z,12-baseline-repeticao — variação do experimento CI/CD,True,True,False,False,False,https://github.com/RafaelBarbosa12/ponderada-metricas/actions/runs/26891051184
26891051184,12,beefed11181a97bbe79cf2f0c39ee7e99459029e,exp:12-baseline-repeticao — variação do experimento CI/CD,completed,success,66.0,test,23.0,Exportar timing test,0.0,13,0,0.0001,2026-06-03T14:21:36Z,12-baseline-repeticao — variação do experimento CI/CD,True,True,False,False,False,https://github.com/RafaelBarbosa12/ponderada-metricas/actions/runs/26891051184
26891051184,12,beefed11181a97bbe79cf2f0c39ee7e99459029e,exp:12-baseline-repeticao — variação do experimento CI/CD,completed,success,66.0,test,23.0,Post Cache pip,0.0,13,0,0.0001,2026-06-03T14:21:36Z,12-baseline-repeticao — variação do experimento CI/CD,True,True,False,False,False,https://github.com/RafaelBarbosa12/ponderada-metricas/actions/runs/26891051184
26891051184,12,beefed11181a97bbe79cf2f0c39ee7e99459029e,exp:12-baseline-repeticao — variação do experimento CI/CD,completed,success,66.0,test,23.0,Post Setup Python,0.0,13,0,0.0001,2026-06-03T14:21:36Z,12-baseline-repeticao — variação do experimento CI/CD,True,True,False,False,False,https://github.com/RafaelBarbosa12/ponderada-metricas/actions/runs/26891051184
26891051184,12,beefed11181a97bbe79cf2f0c39ee7e99459029e,exp:12-baseline-repeticao — variação do experimento CI/CD,completed,success,66.0,test,23.0,Post Run actions/checkout@v4,1.0,13,0,0.0001,2026-06-03T14:21:36Z,12-baseline-repeticao — variação do experimento CI/CD,True,True,False,False,False,https://github.com/RafaelBarbosa12/ponderada-metricas/actions/runs/26891051184
26891051184,12,beefed11181a97bbe79cf2f0c39ee7e99459029e,exp:12-baseline-repeticao — variação do experimento CI/CD,completed,success,66.0,test,23.0,Complete job,0.0,13,0,0.0001,2026-06-03T14:21:36Z,12-baseline-repeticao — variação do experimento CI/CD,True,True,False,False,False,https://github.com/RafaelBarbosa12/ponderada-metricas/actions/runs/26891051184
26891051184,12,beefed11181a97bbe79cf2f0c39ee7e99459029e,exp:12-baseline-repeticao — variação do experimento CI/CD,completed,success,66.0,collect-metrics,27.0,Set up job,2.0,13,0,0.0001,2026-06-03T14:21:36Z,12-baseline-repeticao — variação do experimento CI/CD,True,True,False,False,False,https://github.com/RafaelBarbosa12/ponderada-metricas/actions/runs/26891051184
26891051184,12,beefed11181a97bbe79cf2f0c39ee7e99459029e,exp:12-baseline-repeticao — variação do experimento CI/CD,completed,success,66.0,collect-metrics,27.0,Run actions/checkout@v4,1.0,13,0,0.0001,2026-06-03T14:21:36Z,12-baseline-repeticao — variação do experimento CI/CD,True,True,False,False,False,https://github.com/RafaelBarbosa12/ponderada-metricas/actions/runs/26891051184
26891051184,12,beefed11181a97bbe79cf2f0c39ee7e99459029e,exp:12-baseline-repeticao — variação do experimento CI/CD,completed,success,66.0,collect-metrics,27.0,Setup Python,0.0,13,0,0.0001,2026-06-03T14:21:36Z,12-baseline-repeticao — variação do experimento CI/CD,True,True,False,False,False,https://github.com/RafaelBarbosa12/ponderada-metricas/actions/runs/26891051184
26891051184,12,beefed11181a97bbe79cf2f0c39ee7e99459029e,exp:12-baseline-repeticao — variação do experimento CI/CD,completed,success,66.0,collect-metrics,27.0,Carregar experiment-config.json,1.0,13,0,0.0001,2026-06-03T14:21:36Z,12-baseline-repeticao — variação do experimento CI/CD,True,True,False,False,False,https://github.com/RafaelBarbosa12/ponderada-metricas/actions/runs/26891051184
26891051184,12,beefed11181a97bbe79cf2f0c39ee7e99459029e,exp:12-baseline-repeticao — variação do experimento CI/CD,completed,success,66.0,collect-metrics,27.0,Baixar artefato de testes,1.0,13,0,0.0001,2026-06-03T14:21:36Z,12-baseline-repeticao — variação do experimento CI/CD,True,True,False,False,False,https://github.com/RafaelBarbosa12/ponderada-metricas/actions/runs/26891051184
26891051184,12,beefed11181a97bbe79cf2f0c39ee7e99459029e,exp:12-baseline-repeticao — variação do experimento CI/CD,completed,success,66.0,collect-metrics,27.0,Mensagem e variação do experimento,0.0,13,0,0.0001,2026-06-03T14:21:36Z,12-baseline-repeticao — variação do experimento CI/CD,True,True,False,False,False,https://github.com/RafaelBarbosa12/ponderada-metricas/actions/runs/26891051184
26891051184,12,beefed11181a97bbe79cf2f0c39ee7e99459029e,exp:12-baseline-repeticao — variação do experimento CI/CD,completed,success,66.0,collect-metrics,27.0,Instalar dependências mínimas,15.0,13,0,0.0001,2026-06-03T14:21:36Z,12-baseline-repeticao — variação do experimento CI/CD,True,True,False,False,False,https://github.com/RafaelBarbosa12/ponderada-metricas/actions/runs/26891051184
26891051184,12,beefed11181a97bbe79cf2f0c39ee7e99459029e,exp:12-baseline-repeticao — variação do experimento CI/CD,completed,success,66.0,collect-metrics,27.0,Calcular duração do workflow (aprox.),0.0,13,0,0.0001,2026-06-03T14:21:36Z,12-baseline-repeticao — variação do experimento CI/CD,True,True,False,False,False,https://github.com/RafaelBarbosa12/ponderada-metricas/actions/runs/26891051184
26891051184,12,beefed11181a97bbe79cf2f0c39ee7e99459029e,exp:12-baseline-repeticao — variação do experimento CI/CD,completed,success,66.0,collect-metrics,27.0,Gravar métricas locais,0.0,13,0,0.0001,2026-06-03T14:21:36Z,12-baseline-repeticao — variação do experimento CI/CD,True,True,False,False,False,https://github.com/RafaelBarbosa12/ponderada-metricas/actions/runs/26891051184
26891051184,12,beefed11181a97bbe79cf2f0c39ee7e99459029e,exp:12-baseline-repeticao — variação do experimento CI/CD,completed,success,66.0,collect-metrics,27.0,Anotar resultados dos jobs,0.0,13,0,0.0001,2026-06-03T14:21:36Z,12-baseline-repeticao — variação do experimento CI/CD,True,True,False,False,False,https://github.com/RafaelBarbosa12/ponderada-metricas/actions/runs/26891051184
26891051184,12,beefed11181a97bbe79cf2f0c39ee7e99459029e,exp:12-baseline-repeticao — variação do experimento CI/CD,completed,success,66.0,collect-metrics,27.0,Upload métricas,2.0,13,0,0.0001,2026-06-03T14:21:36Z,12-baseline-repeticao — variação do experimento CI/CD,True,True,False,False,False,https://github.com/RafaelBarbosa12/ponderada-metricas/actions/runs/26891051184
26891051184,12,beefed11181a97bbe79cf2f0c39ee7e99459029e,exp:12-baseline-repeticao — variação do experimento CI/CD,completed,success,66.0,collect-metrics,27.0,Resumo no job,0.0,13,0,0.0001,2026-06-03T14:21:36Z,12-baseline-repeticao — variação do experimento CI/CD,True,True,False,False,False,https://github.com/RafaelBarbosa12/ponderada-metricas/actions/runs/26891051184
26891051184,12,beefed11181a97bbe79cf2f0c39ee7e99459029e,exp:12-baseline-repeticao — variação do experimento CI/CD,completed,success,66.0,collect-metrics,27.0,Post Setup Python,0.0,13,0,0.0001,2026-06-03T14:21:36Z,12-baseline-repeticao — variação do experimento CI/CD,True,True,False,False,False,https://github.com/RafaelBarbosa12/ponderada-metricas/actions/runs/26891051184
26891051184,12,beefed11181a97bbe79cf2f0c39ee7e99459029e,exp:12-baseline-repeticao — variação do experimento CI/CD,completed,success,66.0,collect-metrics,27.0,Post Run actions/checkout@v4,0.0,13,0,0.0001,2026-06-03T14:21:36Z,12-baseline-repeticao — variação do experimento CI/CD,True,True,False,False,False,https://github.com/RafaelBarbosa12/ponderada-metricas/actions/runs/26891051184
26891051184,12,beefed11181a97bbe79cf2f0c39ee7e99459029e,exp:12-baseline-repeticao — variação do experimento CI/CD,completed,success,66.0,collect-metrics,27.0,Complete job,0.0,13,0,0.0001,2026-06-03T14:21:36Z,12-baseline-repeticao — variação do experimento CI/CD,True,True,False,False,False,https://github.com/RafaelBarbosa12/ponderada-metricas/actions/runs/26891051184
26891043610,11,2a0faadbdb56585158ca06536709fec02e9cc47f,exp:09-sem-cache-expandido — variação do experimento CI/CD,completed,success,51.0,test,23.0,Set up job,2.0,13,0,0.0001,2026-06-03T14:21:28Z,09-sem-cache-expandido — variação do experimento CI/CD,True,False,True,False,False,https://github.com/RafaelBarbosa12/ponderada-metricas/actions/runs/26891043610
26891043610,11,2a0faadbdb56585158ca06536709fec02e9cc47f,exp:09-sem-cache-expandido — variação do experimento CI/CD,completed,success,51.0,test,23.0,Run actions/checkout@v4,0.0,13,0,0.0001,2026-06-03T14:21:28Z,09-sem-cache-expandido — variação do experimento CI/CD,True,False,True,False,False,https://github.com/RafaelBarbosa12/ponderada-metricas/actions/runs/26891043610
26891043610,11,2a0faadbdb56585158ca06536709fec02e9cc47f,exp:09-sem-cache-expandido — variação do experimento CI/CD,completed,success,51.0,test,23.0,Carregar experiment-config.json,0.0,13,0,0.0001,2026-06-03T14:21:28Z,09-sem-cache-expandido — variação do experimento CI/CD,True,False,True,False,False,https://github.com/RafaelBarbosa12/ponderada-metricas/actions/runs/26891043610
26891043610,11,2a0faadbdb56585158ca06536709fec02e9cc47f,exp:09-sem-cache-expandido — variação do experimento CI/CD,completed,success,51.0,test,23.0,Setup Python,1.0,13,0,0.0001,2026-06-03T14:21:28Z,09-sem-cache-expandido — variação do experimento CI/CD,True,False,True,False,False,https://github.com/RafaelBarbosa12/ponderada-metricas/actions/runs/26891043610
26891043610,11,2a0faadbdb56585158ca06536709fec02e9cc47f,exp:09-sem-cache-expandido — variação do experimento CI/CD,completed,success,51.0,test,23.0,Cache pip,0.0,13,0,0.0001,2026-06-03T14:21:28Z,09-sem-cache-expandido — variação do experimento CI/CD,True,False,True,False,False,https://github.com/RafaelBarbosa12/ponderada-metricas/actions/runs/26891043610
26891043610,11,2a0faadbdb56585158ca06536709fec02e9cc47f,exp:09-sem-cache-expandido — variação do experimento CI/CD,completed,success,51.0,test,23.0,Instalar dependências,15.0,13,0,0.0001,2026-06-03T14:21:28Z,09-sem-cache-expandido — variação do experimento CI/CD,True,False,True,False,False,https://github.com/RafaelBarbosa12/ponderada-metricas/actions/runs/26891043610
26891043610,11,2a0faadbdb56585158ca06536709fec02e9cc47f,exp:09-sem-cache-expandido — variação do experimento CI/CD,completed,success,51.0,test,23.0,Executar testes,0.0,13,0,0.0001,2026-06-03T14:21:28Z,09-sem-cache-expandido — variação do experimento CI/CD,True,False,True,False,False,https://github.com/RafaelBarbosa12/ponderada-metricas/actions/runs/26891043610
26891043610,11,2a0faadbdb56585158ca06536709fec02e9cc47f,exp:09-sem-cache-expandido — variação do experimento CI/CD,completed,success,51.0,test,23.0,Upload relatório de testes,1.0,13,0,0.0001,2026-06-03T14:21:28Z,09-sem-cache-expandido — variação do experimento CI/CD,True,False,True,False,False,https://github.com/RafaelBarbosa12/ponderada-metricas/actions/runs/26891043610
26891043610,11,2a0faadbdb56585158ca06536709fec02e9cc47f,exp:09-sem-cache-expandido — variação do experimento CI/CD,completed,success,51.0,test,23.0,Exportar timing test,0.0,13,0,0.0001,2026-06-03T14:21:28Z,09-sem-cache-expandido — variação do experimento CI/CD,True,False,True,False,False,https://github.com/RafaelBarbosa12/ponderada-metricas/actions/runs/26891043610
26891043610,11,2a0faadbdb56585158ca06536709fec02e9cc47f,exp:09-sem-cache-expandido — variação do experimento CI/CD,completed,success,51.0,test,23.0,Post Setup Python,0.0,13,0,0.0001,2026-06-03T14:21:28Z,09-sem-cache-expandido — variação do experimento CI/CD,True,False,True,False,False,https://github.com/RafaelBarbosa12/ponderada-metricas/actions/runs/26891043610
26891043610,11,2a0faadbdb56585158ca06536709fec02e9cc47f,exp:09-sem-cache-expandido — variação do experimento CI/CD,completed,success,51.0,test,23.0,Post Run actions/checkout@v4,1.0,13,0,0.0001,2026-06-03T14:21:28Z,09-sem-cache-expandido — variação do experimento CI/CD,True,False,True,False,False,https://github.com/RafaelBarbosa12/ponderada-metricas/actions/runs/26891043610
26891043610,11,2a0faadbdb56585158ca06536709fec02e9cc47f,exp:09-sem-cache-expandido — variação do experimento CI/CD,completed,success,51.0,test,23.0,Complete job,0.0,13,0,0.0001,2026-06-03T14:21:28Z,09-sem-cache-expandido — variação do experimento CI/CD,True,False,True,False,False,https://github.com/RafaelBarbosa12/ponderada-metricas/actions/runs/26891043610
26891043610,11,2a0faadbdb56585158ca06536709fec02e9cc47f,exp:09-sem-cache-expandido — variação do experimento CI/CD,completed,success,51.0,lint,22.0,Set up job,1.0,13,0,0.0001,2026-06-03T14:21:28Z,09-sem-cache-expandido — variação do experimento CI/CD,True,False,True,False,False,https://github.com/RafaelBarbosa12/ponderada-metricas/actions/runs/26891043610
26891043610,11,2a0faadbdb56585158ca06536709fec02e9cc47f,exp:09-sem-cache-expandido — variação do experimento CI/CD,completed,success,51.0,lint,22.0,Run actions/checkout@v4,0.0,13,0,0.0001,2026-06-03T14:21:28Z,09-sem-cache-expandido — variação do experimento CI/CD,True,False,True,False,False,https://github.com/RafaelBarbosa12/ponderada-metricas/actions/runs/26891043610
26891043610,11,2a0faadbdb56585158ca06536709fec02e9cc47f,exp:09-sem-cache-expandido — variação do experimento CI/CD,completed,success,51.0,lint,22.0,Carregar experiment-config.json,1.0,13,0,0.0001,2026-06-03T14:21:28Z,09-sem-cache-expandido — variação do experimento CI/CD,True,False,True,False,False,https://github.com/RafaelBarbosa12/ponderada-metricas/actions/runs/26891043610
26891043610,11,2a0faadbdb56585158ca06536709fec02e9cc47f,exp:09-sem-cache-expandido — variação do experimento CI/CD,completed,success,51.0,lint,22.0,Setup Python,0.0,13,0,0.0001,2026-06-03T14:21:28Z,09-sem-cache-expandido — variação do experimento CI/CD,True,False,True,False,False,https://github.com/RafaelBarbosa12/ponderada-metricas/actions/runs/26891043610
26891043610,11,2a0faadbdb56585158ca06536709fec02e9cc47f,exp:09-sem-cache-expandido — variação do experimento CI/CD,completed,success,51.0,lint,22.0,Cache pip,0.0,13,0,0.0001,2026-06-03T14:21:28Z,09-sem-cache-expandido — variação do experimento CI/CD,True,False,True,False,False,https://github.com/RafaelBarbosa12/ponderada-metricas/actions/runs/26891043610
26891043610,11,2a0faadbdb56585158ca06536709fec02e9cc47f,exp:09-sem-cache-expandido — variação do experimento CI/CD,completed,success,51.0,lint,22.0,Instalar dependências,17.0,13,0,0.0001,2026-06-03T14:21:28Z,09-sem-cache-expandido — variação do experimento CI/CD,True,False,True,False,False,https://github.com/RafaelBarbosa12/ponderada-metricas/actions/runs/26891043610
26891043610,11,2a0faadbdb56585158ca06536709fec02e9cc47f,exp:09-sem-cache-expandido — variação do experimento CI/CD,completed,success,51.0,lint,22.0,Ruff (lint),0.0,13,0,0.0001,2026-06-03T14:21:28Z,09-sem-cache-expandido — variação do experimento CI/CD,True,False,True,False,False,https://github.com/RafaelBarbosa12/ponderada-metricas/actions/runs/26891043610
26891043610,11,2a0faadbdb56585158ca06536709fec02e9cc47f,exp:09-sem-cache-expandido — variação do experimento CI/CD,completed,success,51.0,lint,22.0,Exportar timing lint,0.0,13,0,0.0001,2026-06-03T14:21:28Z,09-sem-cache-expandido — variação do experimento CI/CD,True,False,True,False,False,https://github.com/RafaelBarbosa12/ponderada-metricas/actions/runs/26891043610
26891043610,11,2a0faadbdb56585158ca06536709fec02e9cc47f,exp:09-sem-cache-expandido — variação do experimento CI/CD,completed,success,51.0,lint,22.0,Post Setup Python,0.0,13,0,0.0001,2026-06-03T14:21:28Z,09-sem-cache-expandido — variação do experimento CI/CD,True,False,True,False,False,https://github.com/RafaelBarbosa12/ponderada-metricas/actions/runs/26891043610
26891043610,11,2a0faadbdb56585158ca06536709fec02e9cc47f,exp:09-sem-cache-expandido — variação do experimento CI/CD,completed,success,51.0,lint,22.0,Post Run actions/checkout@v4,0.0,13,0,0.0001,2026-06-03T14:21:28Z,09-sem-cache-expandido — variação do experimento CI/CD,True,False,True,False,False,https://github.com/RafaelBarbosa12/ponderada-metricas/actions/runs/26891043610
26891043610,11,2a0faadbdb56585158ca06536709fec02e9cc47f,exp:09-sem-cache-expandido — variação do experimento CI/CD,completed,success,51.0,lint,22.0,Complete job,0.0,13,0,0.0001,2026-06-03T14:21:28Z,09-sem-cache-expandido — variação do experimento CI/CD,True,False,True,False,False,https://github.com/RafaelBarbosa12/ponderada-metricas/actions/runs/26891043610
26891043610,11,2a0faadbdb56585158ca06536709fec02e9cc47f,exp:09-sem-cache-expandido — variação do experimento CI/CD,completed,success,51.0,collect-metrics,21.0,Set up job,1.0,13,0,0.0001,2026-06-03T14:21:28Z,09-sem-cache-expandido — variação do experimento CI/CD,True,False,True,False,False,https://github.com/RafaelBarbosa12/ponderada-metricas/actions/runs/26891043610
26891043610,11,2a0faadbdb56585158ca06536709fec02e9cc47f,exp:09-sem-cache-expandido — variação do experimento CI/CD,completed,success,51.0,collect-metrics,21.0,Run actions/checkout@v4,1.0,13,0,0.0001,2026-06-03T14:21:28Z,09-sem-cache-expandido — variação do experimento CI/CD,True,False,True,False,False,https://github.com/RafaelBarbosa12/ponderada-metricas/actions/runs/26891043610
26891043610,11,2a0faadbdb56585158ca06536709fec02e9cc47f,exp:09-sem-cache-expandido — variação do experimento CI/CD,completed,success,51.0,collect-metrics,21.0,Setup Python,1.0,13,0,0.0001,2026-06-03T14:21:28Z,09-sem-cache-expandido — variação do experimento CI/CD,True,False,True,False,False,https://github.com/RafaelBarbosa12/ponderada-metricas/actions/runs/26891043610
26891043610,11,2a0faadbdb56585158ca06536709fec02e9cc47f,exp:09-sem-cache-expandido — variação do experimento CI/CD,completed,success,51.0,collect-metrics,21.0,Carregar experiment-config.json,0.0,13,0,0.0001,2026-06-03T14:21:28Z,09-sem-cache-expandido — variação do experimento CI/CD,True,False,True,False,False,https://github.com/RafaelBarbosa12/ponderada-metricas/actions/runs/26891043610
26891043610,11,2a0faadbdb56585158ca06536709fec02e9cc47f,exp:09-sem-cache-expandido — variação do experimento CI/CD,completed,success,51.0,collect-metrics,21.0,Baixar artefato de testes,0.0,13,0,0.0001,2026-06-03T14:21:28Z,09-sem-cache-expandido — variação do experimento CI/CD,True,False,True,False,False,https://github.com/RafaelBarbosa12/ponderada-metricas/actions/runs/26891043610
26891043610,11,2a0faadbdb56585158ca06536709fec02e9cc47f,exp:09-sem-cache-expandido — variação do experimento CI/CD,completed,success,51.0,collect-metrics,21.0,Mensagem e variação do experimento,0.0,13,0,0.0001,2026-06-03T14:21:28Z,09-sem-cache-expandido — variação do experimento CI/CD,True,False,True,False,False,https://github.com/RafaelBarbosa12/ponderada-metricas/actions/runs/26891043610
26891043610,11,2a0faadbdb56585158ca06536709fec02e9cc47f,exp:09-sem-cache-expandido — variação do experimento CI/CD,completed,success,51.0,collect-metrics,21.0,Instalar dependências mínimas,14.0,13,0,0.0001,2026-06-03T14:21:28Z,09-sem-cache-expandido — variação do experimento CI/CD,True,False,True,False,False,https://github.com/RafaelBarbosa12/ponderada-metricas/actions/runs/26891043610
26891043610,11,2a0faadbdb56585158ca06536709fec02e9cc47f,exp:09-sem-cache-expandido — variação do experimento CI/CD,completed,success,51.0,collect-metrics,21.0,Calcular duração do workflow (aprox.),0.0,13,0,0.0001,2026-06-03T14:21:28Z,09-sem-cache-expandido — variação do experimento CI/CD,True,False,True,False,False,https://github.com/RafaelBarbosa12/ponderada-metricas/actions/runs/26891043610
26891043610,11,2a0faadbdb56585158ca06536709fec02e9cc47f,exp:09-sem-cache-expandido — variação do experimento CI/CD,completed,success,51.0,collect-metrics,21.0,Gravar métricas locais,0.0,13,0,0.0001,2026-06-03T14:21:28Z,09-sem-cache-expandido — variação do experimento CI/CD,True,False,True,False,False,https://github.com/RafaelBarbosa12/ponderada-metricas/actions/runs/26891043610
26891043610,11,2a0faadbdb56585158ca06536709fec02e9cc47f,exp:09-sem-cache-expandido — variação do experimento CI/CD,completed,success,51.0,collect-metrics,21.0,Anotar resultados dos jobs,0.0,13,0,0.0001,2026-06-03T14:21:28Z,09-sem-cache-expandido — variação do experimento CI/CD,True,False,True,False,False,https://github.com/RafaelBarbosa12/ponderada-metricas/actions/runs/26891043610
26891043610,11,2a0faadbdb56585158ca06536709fec02e9cc47f,exp:09-sem-cache-expandido — variação do experimento CI/CD,completed,success,51.0,collect-metrics,21.0,Upload métricas,1.0,13,0,0.0001,2026-06-03T14:21:28Z,09-sem-cache-expandido — variação do experimento CI/CD,True,False,True,False,False,https://github.com/RafaelBarbosa12/ponderada-metricas/actions/runs/26891043610
26891043610,11,2a0faadbdb56585158ca06536709fec02e9cc47f,exp:09-sem-cache-expandido — variação do experimento CI/CD,completed,success,51.0,collect-metrics,21.0,Resumo no job,0.0,13,0,0.0001,2026-06-03T14:21:28Z,09-sem-cache-expandido — variação do experimento CI/CD,True,False,True,False,False,https://github.com/RafaelBarbosa12/ponderada-metricas/actions/runs/26891043610
26891043610,11,2a0faadbdb56585158ca06536709fec02e9cc47f,exp:09-sem-cache-expandido — variação do experimento CI/CD,completed,success,51.0,collect-metrics,21.0,Post Setup Python,0.0,13,0,0.0001,2026-06-03T14:21:28Z,09-sem-cache-expandido — variação do experimento CI/CD,True,False,True,False,False,https://github.com/RafaelBarbosa12/ponderada-metricas/actions/runs/26891043610
26891043610,11,2a0faadbdb56585158ca06536709fec02e9cc47f,exp:09-sem-cache-expandido — variação do experimento CI/CD,completed,success,51.0,collect-metrics,21.0,Post Run actions/checkout@v4,1.0,13,0,0.0001,2026-06-03T14:21:28Z,09-sem-cache-expandido — variação do experimento CI/CD,True,False,True,False,False,https://github.com/RafaelBarbosa12/ponderada-metricas/actions/runs/26891043610
26891043610,11,2a0faadbdb56585158ca06536709fec02e9cc47f,exp:09-sem-cache-expandido — variação do experimento CI/CD,completed,success,51.0,collect-metrics,21.0,Complete job,0.0,13,0,0.0001,2026-06-03T14:21:28Z,09-sem-cache-expandido — variação do experimento CI/CD,True,False,True,False,False,https://github.com/RafaelBarbosa12/ponderada-metricas/actions/runs/26891043610
26891036930,10,e379994db257af30ff7d0a992d669b4d5b5b1ab1,exp:08-expandido-lento — variação do experimento CI/CD,completed,success,53.0,lint,23.0,Set up job,1.0,13,0,0.2308,2026-06-03T14:21:22Z,08-expandido-lento — variação do experimento CI/CD,True,True,True,True,False,https://github.com/RafaelBarbosa12/ponderada-metricas/actions/runs/26891036930
26891036930,10,e379994db257af30ff7d0a992d669b4d5b5b1ab1,exp:08-expandido-lento — variação do experimento CI/CD,completed,success,53.0,lint,23.0,Run actions/checkout@v4,1.0,13,0,0.2308,2026-06-03T14:21:22Z,08-expandido-lento — variação do experimento CI/CD,True,True,True,True,False,https://github.com/RafaelBarbosa12/ponderada-metricas/actions/runs/26891036930
26891036930,10,e379994db257af30ff7d0a992d669b4d5b5b1ab1,exp:08-expandido-lento — variação do experimento CI/CD,completed,success,53.0,lint,23.0,Carregar experiment-config.json,0.0,13,0,0.2308,2026-06-03T14:21:22Z,08-expandido-lento — variação do experimento CI/CD,True,True,True,True,False,https://github.com/RafaelBarbosa12/ponderada-metricas/actions/runs/26891036930
26891036930,10,e379994db257af30ff7d0a992d669b4d5b5b1ab1,exp:08-expandido-lento — variação do experimento CI/CD,completed,success,53.0,lint,23.0,Setup Python,0.0,13,0,0.2308,2026-06-03T14:21:22Z,08-expandido-lento — variação do experimento CI/CD,True,True,True,True,False,https://github.com/RafaelBarbosa12/ponderada-metricas/actions/runs/26891036930
26891036930,10,e379994db257af30ff7d0a992d669b4d5b5b1ab1,exp:08-expandido-lento — variação do experimento CI/CD,completed,success,53.0,lint,23.0,Cache pip,3.0,13,0,0.2308,2026-06-03T14:21:22Z,08-expandido-lento — variação do experimento CI/CD,True,True,True,True,False,https://github.com/RafaelBarbosa12/ponderada-metricas/actions/runs/26891036930
26891036930,10,e379994db257af30ff7d0a992d669b4d5b5b1ab1,exp:08-expandido-lento — variação do experimento CI/CD,completed,success,53.0,lint,23.0,Instalar dependências,13.0,13,0,0.2308,2026-06-03T14:21:22Z,08-expandido-lento — variação do experimento CI/CD,True,True,True,True,False,https://github.com/RafaelBarbosa12/ponderada-metricas/actions/runs/26891036930
26891036930,10,e379994db257af30ff7d0a992d669b4d5b5b1ab1,exp:08-expandido-lento — variação do experimento CI/CD,completed,success,53.0,lint,23.0,Ruff (lint),0.0,13,0,0.2308,2026-06-03T14:21:22Z,08-expandido-lento — variação do experimento CI/CD,True,True,True,True,False,https://github.com/RafaelBarbosa12/ponderada-metricas/actions/runs/26891036930
26891036930,10,e379994db257af30ff7d0a992d669b4d5b5b1ab1,exp:08-expandido-lento — variação do experimento CI/CD,completed,success,53.0,lint,23.0,Exportar timing lint,0.0,13,0,0.2308,2026-06-03T14:21:22Z,08-expandido-lento — variação do experimento CI/CD,True,True,True,True,False,https://github.com/RafaelBarbosa12/ponderada-metricas/actions/runs/26891036930
26891036930,10,e379994db257af30ff7d0a992d669b4d5b5b1ab1,exp:08-expandido-lento — variação do experimento CI/CD,completed,success,53.0,lint,23.0,Post Cache pip,0.0,13,0,0.2308,2026-06-03T14:21:22Z,08-expandido-lento — variação do experimento CI/CD,True,True,True,True,False,https://github.com/RafaelBarbosa12/ponderada-metricas/actions/runs/26891036930
26891036930,10,e379994db257af30ff7d0a992d669b4d5b5b1ab1,exp:08-expandido-lento — variação do experimento CI/CD,completed,success,53.0,lint,23.0,Post Setup Python,0.0,13,0,0.2308,2026-06-03T14:21:22Z,08-expandido-lento — variação do experimento CI/CD,True,True,True,True,False,https://github.com/RafaelBarbosa12/ponderada-metricas/actions/runs/26891036930
26891036930,10,e379994db257af30ff7d0a992d669b4d5b5b1ab1,exp:08-expandido-lento — variação do experimento CI/CD,completed,success,53.0,lint,23.0,Post Run actions/checkout@v4,1.0,13,0,0.2308,2026-06-03T14:21:22Z,08-expandido-lento — variação do experimento CI/CD,True,True,True,True,False,https://github.com/RafaelBarbosa12/ponderada-metricas/actions/runs/26891036930
26891036930,10,e379994db257af30ff7d0a992d669b4d5b5b1ab1,exp:08-expandido-lento — variação do experimento CI/CD,completed,success,53.0,lint,23.0,Complete job,0.0,13,0,0.2308,2026-06-03T14:21:22Z,08-expandido-lento — variação do experimento CI/CD,True,True,True,True,False,https://github.com/RafaelBarbosa12/ponderada-metricas/actions/runs/26891036930
26891036930,10,e379994db257af30ff7d0a992d669b4d5b5b1ab1,exp:08-expandido-lento — variação do experimento CI/CD,completed,success,53.0,test,25.0,Set up job,1.0,13,0,0.2308,2026-06-03T14:21:22Z,08-expandido-lento — variação do experimento CI/CD,True,True,True,True,False,https://github.com/RafaelBarbosa12/ponderada-metricas/actions/runs/26891036930
26891036930,10,e379994db257af30ff7d0a992d669b4d5b5b1ab1,exp:08-expandido-lento — variação do experimento CI/CD,completed,success,53.0,test,25.0,Run actions/checkout@v4,1.0,13,0,0.2308,2026-06-03T14:21:22Z,08-expandido-lento — variação do experimento CI/CD,True,True,True,True,False,https://github.com/RafaelBarbosa12/ponderada-metricas/actions/runs/26891036930
26891036930,10,e379994db257af30ff7d0a992d669b4d5b5b1ab1,exp:08-expandido-lento — variação do experimento CI/CD,completed,success,53.0,test,25.0,Carregar experiment-config.json,0.0,13,0,0.2308,2026-06-03T14:21:22Z,08-expandido-lento — variação do experimento CI/CD,True,True,True,True,False,https://github.com/RafaelBarbosa12/ponderada-metricas/actions/runs/26891036930
26891036930,10,e379994db257af30ff7d0a992d669b4d5b5b1ab1,exp:08-expandido-lento — variação do experimento CI/CD,completed,success,53.0,test,25.0,Setup Python,0.0,13,0,0.2308,2026-06-03T14:21:22Z,08-expandido-lento — variação do experimento CI/CD,True,True,True,True,False,https://github.com/RafaelBarbosa12/ponderada-metricas/actions/runs/26891036930
26891036930,10,e379994db257af30ff7d0a992d669b4d5b5b1ab1,exp:08-expandido-lento — variação do experimento CI/CD,completed,success,53.0,test,25.0,Cache pip,1.0,13,0,0.2308,2026-06-03T14:21:22Z,08-expandido-lento — variação do experimento CI/CD,True,True,True,True,False,https://github.com/RafaelBarbosa12/ponderada-metricas/actions/runs/26891036930
26891036930,10,e379994db257af30ff7d0a992d669b4d5b5b1ab1,exp:08-expandido-lento — variação do experimento CI/CD,completed,success,53.0,test,25.0,Instalar dependências,14.0,13,0,0.2308,2026-06-03T14:21:22Z,08-expandido-lento — variação do experimento CI/CD,True,True,True,True,False,https://github.com/RafaelBarbosa12/ponderada-metricas/actions/runs/26891036930
26891036930,10,e379994db257af30ff7d0a992d669b4d5b5b1ab1,exp:08-expandido-lento — variação do experimento CI/CD,completed,success,53.0,test,25.0,Executar testes,3.0,13,0,0.2308,2026-06-03T14:21:22Z,08-expandido-lento — variação do experimento CI/CD,True,True,True,True,False,https://github.com/RafaelBarbosa12/ponderada-metricas/actions/runs/26891036930
26891036930,10,e379994db257af30ff7d0a992d669b4d5b5b1ab1,exp:08-expandido-lento — variação do experimento CI/CD,completed,success,53.0,test,25.0,Upload relatório de testes,1.0,13,0,0.2308,2026-06-03T14:21:22Z,08-expandido-lento — variação do experimento CI/CD,True,True,True,True,False,https://github.com/RafaelBarbosa12/ponderada-metricas/actions/runs/26891036930
26891036930,10,e379994db257af30ff7d0a992d669b4d5b5b1ab1,exp:08-expandido-lento — variação do experimento CI/CD,completed,success,53.0,test,25.0,Exportar timing test,0.0,13,0,0.2308,2026-06-03T14:21:22Z,08-expandido-lento — variação do experimento CI/CD,True,True,True,True,False,https://github.com/RafaelBarbosa12/ponderada-metricas/actions/runs/26891036930
26891036930,10,e379994db257af30ff7d0a992d669b4d5b5b1ab1,exp:08-expandido-lento — variação do experimento CI/CD,completed,success,53.0,test,25.0,Post Cache pip,0.0,13,0,0.2308,2026-06-03T14:21:22Z,08-expandido-lento — variação do experimento CI/CD,True,True,True,True,False,https://github.com/RafaelBarbosa12/ponderada-metricas/actions/runs/26891036930
26891036930,10,e379994db257af30ff7d0a992d669b4d5b5b1ab1,exp:08-expandido-lento — variação do experimento CI/CD,completed,success,53.0,test,25.0,Post Setup Python,1.0,13,0,0.2308,2026-06-03T14:21:22Z,08-expandido-lento — variação do experimento CI/CD,True,True,True,True,False,https://github.com/RafaelBarbosa12/ponderada-metricas/actions/runs/26891036930
26891036930,10,e379994db257af30ff7d0a992d669b4d5b5b1ab1,exp:08-expandido-lento — variação do experimento CI/CD,completed,success,53.0,test,25.0,Post Run actions/checkout@v4,0.0,13,0,0.2308,2026-06-03T14:21:22Z,08-expandido-lento — variação do experimento CI/CD,True,True,True,True,False,https://github.com/RafaelBarbosa12/ponderada-metricas/actions/runs/26891036930
26891036930,10,e379994db257af30ff7d0a992d669b4d5b5b1ab1,exp:08-expandido-lento — variação do experimento CI/CD,completed,success,53.0,test,25.0,Complete job,0.0,13,0,0.2308,2026-06-03T14:21:22Z,08-expandido-lento — variação do experimento CI/CD,True,True,True,True,False,https://github.com/RafaelBarbosa12/ponderada-metricas/actions/runs/26891036930
26891036930,10,e379994db257af30ff7d0a992d669b4d5b5b1ab1,exp:08-expandido-lento — variação do experimento CI/CD,completed,success,53.0,collect-metrics,21.0,Set up job,1.0,13,0,0.2308,2026-06-03T14:21:22Z,08-expandido-lento — variação do experimento CI/CD,True,True,True,True,False,https://github.com/RafaelBarbosa12/ponderada-metricas/actions/runs/26891036930
26891036930,10,e379994db257af30ff7d0a992d669b4d5b5b1ab1,exp:08-expandido-lento — variação do experimento CI/CD,completed,success,53.0,collect-metrics,21.0,Run actions/checkout@v4,1.0,13,0,0.2308,2026-06-03T14:21:22Z,08-expandido-lento — variação do experimento CI/CD,True,True,True,True,False,https://github.com/RafaelBarbosa12/ponderada-metricas/actions/runs/26891036930
26891036930,10,e379994db257af30ff7d0a992d669b4d5b5b1ab1,exp:08-expandido-lento — variação do experimento CI/CD,completed,success,53.0,collect-metrics,21.0,Setup Python,0.0,13,0,0.2308,2026-06-03T14:21:22Z,08-expandido-lento — variação do experimento CI/CD,True,True,True,True,False,https://github.com/RafaelBarbosa12/ponderada-metricas/actions/runs/26891036930
26891036930,10,e379994db257af30ff7d0a992d669b4d5b5b1ab1,exp:08-expandido-lento — variação do experimento CI/CD,completed,success,53.0,collect-metrics,21.0,Carregar experiment-config.json,0.0,13,0,0.2308,2026-06-03T14:21:22Z,08-expandido-lento — variação do experimento CI/CD,True,True,True,True,False,https://github.com/RafaelBarbosa12/ponderada-metricas/actions/runs/26891036930
26891036930,10,e379994db257af30ff7d0a992d669b4d5b5b1ab1,exp:08-expandido-lento — variação do experimento CI/CD,completed,success,53.0,collect-metrics,21.0,Baixar artefato de testes,1.0,13,0,0.2308,2026-06-03T14:21:22Z,08-expandido-lento — variação do experimento CI/CD,True,True,True,True,False,https://github.com/RafaelBarbosa12/ponderada-metricas/actions/runs/26891036930
26891036930,10,e379994db257af30ff7d0a992d669b4d5b5b1ab1,exp:08-expandido-lento — variação do experimento CI/CD,completed,success,53.0,collect-metrics,21.0,Mensagem e variação do experimento,0.0,13,0,0.2308,2026-06-03T14:21:22Z,08-expandido-lento — variação do experimento CI/CD,True,True,True,True,False,https://github.com/RafaelBarbosa12/ponderada-metricas/actions/runs/26891036930
26891036930,10,e379994db257af30ff7d0a992d669b4d5b5b1ab1,exp:08-expandido-lento — variação do experimento CI/CD,completed,success,53.0,collect-metrics,21.0,Instalar dependências mínimas,13.0,13,0,0.2308,2026-06-03T14:21:22Z,08-expandido-lento — variação do experimento CI/CD,True,True,True,True,False,https://github.com/RafaelBarbosa12/ponderada-metricas/actions/runs/26891036930
26891036930,10,e379994db257af30ff7d0a992d669b4d5b5b1ab1,exp:08-expandido-lento — variação do experimento CI/CD,completed,success,53.0,collect-metrics,21.0,Calcular duração do workflow (aprox.),1.0,13,0,0.2308,2026-06-03T14:21:22Z,08-expandido-lento — variação do experimento CI/CD,True,True,True,True,False,https://github.com/RafaelBarbosa12/ponderada-metricas/actions/runs/26891036930
26891036930,10,e379994db257af30ff7d0a992d669b4d5b5b1ab1,exp:08-expandido-lento — variação do experimento CI/CD,completed,success,53.0,collect-metrics,21.0,Gravar métricas locais,0.0,13,0,0.2308,2026-06-03T14:21:22Z,08-expandido-lento — variação do experimento CI/CD,True,True,True,True,False,https://github.com/RafaelBarbosa12/ponderada-metricas/actions/runs/26891036930
26891036930,10,e379994db257af30ff7d0a992d669b4d5b5b1ab1,exp:08-expandido-lento — variação do experimento CI/CD,completed,success,53.0,collect-metrics,21.0,Anotar resultados dos jobs,0.0,13,0,0.2308,2026-06-03T14:21:22Z,08-expandido-lento — variação do experimento CI/CD,True,True,True,True,False,https://github.com/RafaelBarbosa12/ponderada-metricas/actions/runs/26891036930
26891036930,10,e379994db257af30ff7d0a992d669b4d5b5b1ab1,exp:08-expandido-lento — variação do experimento CI/CD,completed,success,53.0,collect-metrics,21.0,Upload métricas,1.0,13,0,0.2308,2026-06-03T14:21:22Z,08-expandido-lento — variação do experimento CI/CD,True,True,True,True,False,https://github.com/RafaelBarbosa12/ponderada-metricas/actions/runs/26891036930
26891036930,10,e379994db257af30ff7d0a992d669b4d5b5b1ab1,exp:08-expandido-lento — variação do experimento CI/CD,completed,success,53.0,collect-metrics,21.0,Resumo no job,0.0,13,0,0.2308,2026-06-03T14:21:22Z,08-expandido-lento — variação do experimento CI/CD,True,True,True,True,False,https://github.com/RafaelBarbosa12/ponderada-metricas/actions/runs/26891036930
26891036930,10,e379994db257af30ff7d0a992d669b4d5b5b1ab1,exp:08-expandido-lento — variação do experimento CI/CD,completed,success,53.0,collect-metrics,21.0,Post Setup Python,0.0,13,0,0.2308,2026-06-03T14:21:22Z,08-expandido-lento — variação do experimento CI/CD,True,True,True,True,False,https://github.com/RafaelBarbosa12/ponderada-metricas/actions/runs/26891036930
26891036930,10,e379994db257af30ff7d0a992d669b4d5b5b1ab1,exp:08-expandido-lento — variação do experimento CI/CD,completed,success,53.0,collect-metrics,21.0,Post Run actions/checkout@v4,0.0,13,0,0.2308,2026-06-03T14:21:22Z,08-expandido-lento — variação do experimento CI/CD,True,True,True,True,False,https://github.com/RafaelBarbosa12/ponderada-metricas/actions/runs/26891036930
26891036930,10,e379994db257af30ff7d0a992d669b4d5b5b1ab1,exp:08-expandido-lento — variação do experimento CI/CD,completed,success,53.0,collect-metrics,21.0,Complete job,0.0,13,0,0.2308,2026-06-03T14:21:22Z,08-expandido-lento — variação do experimento CI/CD,True,True,True,True,False,https://github.com/RafaelBarbosa12/ponderada-metricas/actions/runs/26891036930
26891029560,9,7462f8627102b78fdbf8699a32b670dbd8596db6,exp:07-falha-intencional — variação do experimento CI/CD,completed,success,54.0,lint,25.0,Set up job,1.0,13,1,0.0001,2026-06-03T14:21:14Z,07-falha-intencional — variação do experimento CI/CD,True,True,False,False,True,https://github.com/RafaelBarbosa12/ponderada-metricas/actions/runs/26891029560
26891029560,9,7462f8627102b78fdbf8699a32b670dbd8596db6,exp:07-falha-intencional — variação do experimento CI/CD,completed,success,54.0,lint,25.0,Run actions/checkout@v4,1.0,13,1,0.0001,2026-06-03T14:21:14Z,07-falha-intencional — variação do experimento CI/CD,True,True,False,False,True,https://github.com/RafaelBarbosa12/ponderada-metricas/actions/runs/26891029560
26891029560,9,7462f8627102b78fdbf8699a32b670dbd8596db6,exp:07-falha-intencional — variação do experimento CI/CD,completed,success,54.0,lint,25.0,Carregar experiment-config.json,0.0,13,1,0.0001,2026-06-03T14:21:14Z,07-falha-intencional — variação do experimento CI/CD,True,True,False,False,True,https://github.com/RafaelBarbosa12/ponderada-metricas/actions/runs/26891029560
26891029560,9,7462f8627102b78fdbf8699a32b670dbd8596db6,exp:07-falha-intencional — variação do experimento CI/CD,completed,success,54.0,lint,25.0,Setup Python,0.0,13,1,0.0001,2026-06-03T14:21:14Z,07-falha-intencional — variação do experimento CI/CD,True,True,False,False,True,https://github.com/RafaelBarbosa12/ponderada-metricas/actions/runs/26891029560
26891029560,9,7462f8627102b78fdbf8699a32b670dbd8596db6,exp:07-falha-intencional — variação do experimento CI/CD,completed,success,54.0,lint,25.0,Cache pip,3.0,13,1,0.0001,2026-06-03T14:21:14Z,07-falha-intencional — variação do experimento CI/CD,True,True,False,False,True,https://github.com/RafaelBarbosa12/ponderada-metricas/actions/runs/26891029560
26891029560,9,7462f8627102b78fdbf8699a32b670dbd8596db6,exp:07-falha-intencional — variação do experimento CI/CD,completed,success,54.0,lint,25.0,Instalar dependências,14.0,13,1,0.0001,2026-06-03T14:21:14Z,07-falha-intencional — variação do experimento CI/CD,True,True,False,False,True,https://github.com/RafaelBarbosa12/ponderada-metricas/actions/runs/26891029560
26891029560,9,7462f8627102b78fdbf8699a32b670dbd8596db6,exp:07-falha-intencional — variação do experimento CI/CD,completed,success,54.0,lint,25.0,Ruff (lint),0.0,13,1,0.0001,2026-06-03T14:21:14Z,07-falha-intencional — variação do experimento CI/CD,True,True,False,False,True,https://github.com/RafaelBarbosa12/ponderada-metricas/actions/runs/26891029560
26891029560,9,7462f8627102b78fdbf8699a32b670dbd8596db6,exp:07-falha-intencional — variação do experimento CI/CD,completed,success,54.0,lint,25.0,Exportar timing lint,0.0,13,1,0.0001,2026-06-03T14:21:14Z,07-falha-intencional — variação do experimento CI/CD,True,True,False,False,True,https://github.com/RafaelBarbosa12/ponderada-metricas/actions/runs/26891029560
26891029560,9,7462f8627102b78fdbf8699a32b670dbd8596db6,exp:07-falha-intencional — variação do experimento CI/CD,completed,success,54.0,lint,25.0,Post Cache pip,1.0,13,1,0.0001,2026-06-03T14:21:14Z,07-falha-intencional — variação do experimento CI/CD,True,True,False,False,True,https://github.com/RafaelBarbosa12/ponderada-metricas/actions/runs/26891029560
26891029560,9,7462f8627102b78fdbf8699a32b670dbd8596db6,exp:07-falha-intencional — variação do experimento CI/CD,completed,success,54.0,lint,25.0,Post Setup Python,0.0,13,1,0.0001,2026-06-03T14:21:14Z,07-falha-intencional — variação do experimento CI/CD,True,True,False,False,True,https://github.com/RafaelBarbosa12/ponderada-metricas/actions/runs/26891029560
26891029560,9,7462f8627102b78fdbf8699a32b670dbd8596db6,exp:07-falha-intencional — variação do experimento CI/CD,completed,success,54.0,lint,25.0,Post Run actions/checkout@v4,0.0,13,1,0.0001,2026-06-03T14:21:14Z,07-falha-intencional — variação do experimento CI/CD,True,True,False,False,True,https://github.com/RafaelBarbosa12/ponderada-metricas/actions/runs/26891029560
26891029560,9,7462f8627102b78fdbf8699a32b670dbd8596db6,exp:07-falha-intencional — variação do experimento CI/CD,completed,success,54.0,lint,25.0,Complete job,0.0,13,1,0.0001,2026-06-03T14:21:14Z,07-falha-intencional — variação do experimento CI/CD,True,True,False,False,True,https://github.com/RafaelBarbosa12/ponderada-metricas/actions/runs/26891029560
26891029560,9,7462f8627102b78fdbf8699a32b670dbd8596db6,exp:07-falha-intencional — variação do experimento CI/CD,completed,success,54.0,test,23.0,Set up job,1.0,13,1,0.0001,2026-06-03T14:21:14Z,07-falha-intencional — variação do experimento CI/CD,True,True,False,False,True,https://github.com/RafaelBarbosa12/ponderada-metricas/actions/runs/26891029560
26891029560,9,7462f8627102b78fdbf8699a32b670dbd8596db6,exp:07-falha-intencional — variação do experimento CI/CD,completed,success,54.0,test,23.0,Run actions/checkout@v4,1.0,13,1,0.0001,2026-06-03T14:21:14Z,07-falha-intencional — variação do experimento CI/CD,True,True,False,False,True,https://github.com/RafaelBarbosa12/ponderada-metricas/actions/runs/26891029560
26891029560,9,7462f8627102b78fdbf8699a32b670dbd8596db6,exp:07-falha-intencional — variação do experimento CI/CD,completed,success,54.0,test,23.0,Carregar experiment-config.json,0.0,13,1,0.0001,2026-06-03T14:21:14Z,07-falha-intencional — variação do experimento CI/CD,True,True,False,False,True,https://github.com/RafaelBarbosa12/ponderada-metricas/actions/runs/26891029560
26891029560,9,7462f8627102b78fdbf8699a32b670dbd8596db6,exp:07-falha-intencional — variação do experimento CI/CD,completed,success,54.0,test,23.0,Setup Python,0.0,13,1,0.0001,2026-06-03T14:21:14Z,07-falha-intencional — variação do experimento CI/CD,True,True,False,False,True,https://github.com/RafaelBarbosa12/ponderada-metricas/actions/runs/26891029560
26891029560,9,7462f8627102b78fdbf8699a32b670dbd8596db6,exp:07-falha-intencional — variação do experimento CI/CD,completed,success,54.0,test,23.0,Cache pip,2.0,13,1,0.0001,2026-06-03T14:21:14Z,07-falha-intencional — variação do experimento CI/CD,True,True,False,False,True,https://github.com/RafaelBarbosa12/ponderada-metricas/actions/runs/26891029560
26891029560,9,7462f8627102b78fdbf8699a32b670dbd8596db6,exp:07-falha-intencional — variação do experimento CI/CD,completed,success,54.0,test,23.0,Instalar dependências,14.0,13,1,0.0001,2026-06-03T14:21:14Z,07-falha-intencional — variação do experimento CI/CD,True,True,False,False,True,https://github.com/RafaelBarbosa12/ponderada-metricas/actions/runs/26891029560
26891029560,9,7462f8627102b78fdbf8699a32b670dbd8596db6,exp:07-falha-intencional — variação do experimento CI/CD,completed,success,54.0,test,23.0,Executar testes,0.0,13,1,0.0001,2026-06-03T14:21:14Z,07-falha-intencional — variação do experimento CI/CD,True,True,False,False,True,https://github.com/RafaelBarbosa12/ponderada-metricas/actions/runs/26891029560
26891029560,9,7462f8627102b78fdbf8699a32b670dbd8596db6,exp:07-falha-intencional — variação do experimento CI/CD,completed,success,54.0,test,23.0,Upload relatório de testes,1.0,13,1,0.0001,2026-06-03T14:21:14Z,07-falha-intencional — variação do experimento CI/CD,True,True,False,False,True,https://github.com/RafaelBarbosa12/ponderada-metricas/actions/runs/26891029560
26891029560,9,7462f8627102b78fdbf8699a32b670dbd8596db6,exp:07-falha-intencional — variação do experimento CI/CD,completed,success,54.0,test,23.0,Exportar timing test,0.0,13,1,0.0001,2026-06-03T14:21:14Z,07-falha-intencional — variação do experimento CI/CD,True,True,False,False,True,https://github.com/RafaelBarbosa12/ponderada-metricas/actions/runs/26891029560
26891029560,9,7462f8627102b78fdbf8699a32b670dbd8596db6,exp:07-falha-intencional — variação do experimento CI/CD,completed,success,54.0,test,23.0,Post Cache pip,0.0,13,1,0.0001,2026-06-03T14:21:14Z,07-falha-intencional — variação do experimento CI/CD,True,True,False,False,True,https://github.com/RafaelBarbosa12/ponderada-metricas/actions/runs/26891029560
26891029560,9,7462f8627102b78fdbf8699a32b670dbd8596db6,exp:07-falha-intencional — variação do experimento CI/CD,completed,success,54.0,test,23.0,Post Setup Python,0.0,13,1,0.0001,2026-06-03T14:21:14Z,07-falha-intencional — variação do experimento CI/CD,True,True,False,False,True,https://github.com/RafaelBarbosa12/ponderada-metricas/actions/runs/26891029560
26891029560,9,7462f8627102b78fdbf8699a32b670dbd8596db6,exp:07-falha-intencional — variação do experimento CI/CD,completed,success,54.0,test,23.0,Post Run actions/checkout@v4,1.0,13,1,0.0001,2026-06-03T14:21:14Z,07-falha-intencional — variação do experimento CI/CD,True,True,False,False,True,https://github.com/RafaelBarbosa12/ponderada-metricas/actions/runs/26891029560
26891029560,9,7462f8627102b78fdbf8699a32b670dbd8596db6,exp:07-falha-intencional — variação do experimento CI/CD,completed,success,54.0,test,23.0,Complete job,0.0,13,1,0.0001,2026-06-03T14:21:14Z,07-falha-intencional — variação do experimento CI/CD,True,True,False,False,True,https://github.com/RafaelBarbosa12/ponderada-metricas/actions/runs/26891029560
26891029560,9,7462f8627102b78fdbf8699a32b670dbd8596db6,exp:07-falha-intencional — variação do experimento CI/CD,completed,success,54.0,collect-metrics,23.0,Set up job,1.0,13,1,0.0001,2026-06-03T14:21:14Z,07-falha-intencional — variação do experimento CI/CD,True,True,False,False,True,https://github.com/RafaelBarbosa12/ponderada-metricas/actions/runs/26891029560
26891029560,9,7462f8627102b78fdbf8699a32b670dbd8596db6,exp:07-falha-intencional — variação do experimento CI/CD,completed,success,54.0,collect-metrics,23.0,Run actions/checkout@v4,1.0,13,1,0.0001,2026-06-03T14:21:14Z,07-falha-intencional — variação do experimento CI/CD,True,True,False,False,True,https://github.com/RafaelBarbosa12/ponderada-metricas/actions/runs/26891029560
26891029560,9,7462f8627102b78fdbf8699a32b670dbd8596db6,exp:07-falha-intencional — variação do experimento CI/CD,completed,success,54.0,collect-metrics,23.0,Setup Python,0.0,13,1,0.0001,2026-06-03T14:21:14Z,07-falha-intencional — variação do experimento CI/CD,True,True,False,False,True,https://github.com/RafaelBarbosa12/ponderada-metricas/actions/runs/26891029560
26891029560,9,7462f8627102b78fdbf8699a32b670dbd8596db6,exp:07-falha-intencional — variação do experimento CI/CD,completed,success,54.0,collect-metrics,23.0,Carregar experiment-config.json,1.0,13,1,0.0001,2026-06-03T14:21:14Z,07-falha-intencional — variação do experimento CI/CD,True,True,False,False,True,https://github.com/RafaelBarbosa12/ponderada-metricas/actions/runs/26891029560
26891029560,9,7462f8627102b78fdbf8699a32b670dbd8596db6,exp:07-falha-intencional — variação do experimento CI/CD,completed,success,54.0,collect-metrics,23.0,Baixar artefato de testes,0.0,13,1,0.0001,2026-06-03T14:21:14Z,07-falha-intencional — variação do experimento CI/CD,True,True,False,False,True,https://github.com/RafaelBarbosa12/ponderada-metricas/actions/runs/26891029560
26891029560,9,7462f8627102b78fdbf8699a32b670dbd8596db6,exp:07-falha-intencional — variação do experimento CI/CD,completed,success,54.0,collect-metrics,23.0,Mensagem e variação do experimento,0.0,13,1,0.0001,2026-06-03T14:21:14Z,07-falha-intencional — variação do experimento CI/CD,True,True,False,False,True,https://github.com/RafaelBarbosa12/ponderada-metricas/actions/runs/26891029560
26891029560,9,7462f8627102b78fdbf8699a32b670dbd8596db6,exp:07-falha-intencional — variação do experimento CI/CD,completed,success,54.0,collect-metrics,23.0,Instalar dependências mínimas,15.0,13,1,0.0001,2026-06-03T14:21:14Z,07-falha-intencional — variação do experimento CI/CD,True,True,False,False,True,https://github.com/RafaelBarbosa12/ponderada-metricas/actions/runs/26891029560
26891029560,9,7462f8627102b78fdbf8699a32b670dbd8596db6,exp:07-falha-intencional — variação do experimento CI/CD,completed,success,54.0,collect-metrics,23.0,Calcular duração do workflow (aprox.),0.0,13,1,0.0001,2026-06-03T14:21:14Z,07-falha-intencional — variação do experimento CI/CD,True,True,False,False,True,https://github.com/RafaelBarbosa12/ponderada-metricas/actions/runs/26891029560
26891029560,9,7462f8627102b78fdbf8699a32b670dbd8596db6,exp:07-falha-intencional — variação do experimento CI/CD,completed,success,54.0,collect-metrics,23.0,Gravar métricas locais,0.0,13,1,0.0001,2026-06-03T14:21:14Z,07-falha-intencional — variação do experimento CI/CD,True,True,False,False,True,https://github.com/RafaelBarbosa12/ponderada-metricas/actions/runs/26891029560
26891029560,9,7462f8627102b78fdbf8699a32b670dbd8596db6,exp:07-falha-intencional — variação do experimento CI/CD,completed,success,54.0,collect-metrics,23.0,Anotar resultados dos jobs,0.0,13,1,0.0001,2026-06-03T14:21:14Z,07-falha-intencional — variação do experimento CI/CD,True,True,False,False,True,https://github.com/RafaelBarbosa12/ponderada-metricas/actions/runs/26891029560
26891029560,9,7462f8627102b78fdbf8699a32b670dbd8596db6,exp:07-falha-intencional — variação do experimento CI/CD,completed,success,54.0,collect-metrics,23.0,Upload métricas,1.0,13,1,0.0001,2026-06-03T14:21:14Z,07-falha-intencional — variação do experimento CI/CD,True,True,False,False,True,https://github.com/RafaelBarbosa12/ponderada-metricas/actions/runs/26891029560
26891029560,9,7462f8627102b78fdbf8699a32b670dbd8596db6,exp:07-falha-intencional — variação do experimento CI/CD,completed,success,54.0,collect-metrics,23.0,Resumo no job,0.0,13,1,0.0001,2026-06-03T14:21:14Z,07-falha-intencional — variação do experimento CI/CD,True,True,False,False,True,https://github.com/RafaelBarbosa12/ponderada-metricas/actions/runs/26891029560
26891029560,9,7462f8627102b78fdbf8699a32b670dbd8596db6,exp:07-falha-intencional — variação do experimento CI/CD,completed,success,54.0,collect-metrics,23.0,Post Setup Python,0.0,13,1,0.0001,2026-06-03T14:21:14Z,07-falha-intencional — variação do experimento CI/CD,True,True,False,False,True,https://github.com/RafaelBarbosa12/ponderada-metricas/actions/runs/26891029560
26891029560,9,7462f8627102b78fdbf8699a32b670dbd8596db6,exp:07-falha-intencional — variação do experimento CI/CD,completed,success,54.0,collect-metrics,23.0,Post Run actions/checkout@v4,0.0,13,1,0.0001,2026-06-03T14:21:14Z,07-falha-intencional — variação do experimento CI/CD,True,True,False,False,True,https://github.com/RafaelBarbosa12/ponderada-metricas/actions/runs/26891029560
26891029560,9,7462f8627102b78fdbf8699a32b670dbd8596db6,exp:07-falha-intencional — variação do experimento CI/CD,completed,success,54.0,collect-metrics,23.0,Complete job,0.0,13,1,0.0001,2026-06-03T14:21:14Z,07-falha-intencional — variação do experimento CI/CD,True,True,False,False,True,https://github.com/RafaelBarbosa12/ponderada-metricas/actions/runs/26891029560
26891024956,8,8e75da4b9fd5e61990c8800c2017ad10d8619892,exp:06-teste-lento — variação do experimento CI/CD,completed,success,54.0,lint,20.0,Set up job,0.0,13,0,0.2309,2026-06-03T14:21:09Z,06-teste-lento — variação do experimento CI/CD,True,True,False,True,False,https://github.com/RafaelBarbosa12/ponderada-metricas/actions/runs/26891024956
26891024956,8,8e75da4b9fd5e61990c8800c2017ad10d8619892,exp:06-teste-lento — variação do experimento CI/CD,completed,success,54.0,lint,20.0,Run actions/checkout@v4,0.0,13,0,0.2309,2026-06-03T14:21:09Z,06-teste-lento — variação do experimento CI/CD,True,True,False,True,False,https://github.com/RafaelBarbosa12/ponderada-metricas/actions/runs/26891024956
26891024956,8,8e75da4b9fd5e61990c8800c2017ad10d8619892,exp:06-teste-lento — variação do experimento CI/CD,completed,success,54.0,lint,20.0,Carregar experiment-config.json,0.0,13,0,0.2309,2026-06-03T14:21:09Z,06-teste-lento — variação do experimento CI/CD,True,True,False,True,False,https://github.com/RafaelBarbosa12/ponderada-metricas/actions/runs/26891024956
26891024956,8,8e75da4b9fd5e61990c8800c2017ad10d8619892,exp:06-teste-lento — variação do experimento CI/CD,completed,success,54.0,lint,20.0,Setup Python,0.0,13,0,0.2309,2026-06-03T14:21:09Z,06-teste-lento — variação do experimento CI/CD,True,True,False,True,False,https://github.com/RafaelBarbosa12/ponderada-metricas/actions/runs/26891024956
26891024956,8,8e75da4b9fd5e61990c8800c2017ad10d8619892,exp:06-teste-lento — variação do experimento CI/CD,completed,success,54.0,lint,20.0,Cache pip,1.0,13,0,0.2309,2026-06-03T14:21:09Z,06-teste-lento — variação do experimento CI/CD,True,True,False,True,False,https://github.com/RafaelBarbosa12/ponderada-metricas/actions/runs/26891024956
26891024956,8,8e75da4b9fd5e61990c8800c2017ad10d8619892,exp:06-teste-lento — variação do experimento CI/CD,completed,success,54.0,lint,20.0,Instalar dependências,15.0,13,0,0.2309,2026-06-03T14:21:09Z,06-teste-lento — variação do experimento CI/CD,True,True,False,True,False,https://github.com/RafaelBarbosa12/ponderada-metricas/actions/runs/26891024956
26891024956,8,8e75da4b9fd5e61990c8800c2017ad10d8619892,exp:06-teste-lento — variação do experimento CI/CD,completed,success,54.0,lint,20.0,Ruff (lint),0.0,13,0,0.2309,2026-06-03T14:21:09Z,06-teste-lento — variação do experimento CI/CD,True,True,False,True,False,https://github.com/RafaelBarbosa12/ponderada-metricas/actions/runs/26891024956
26891024956,8,8e75da4b9fd5e61990c8800c2017ad10d8619892,exp:06-teste-lento — variação do experimento CI/CD,completed,success,54.0,lint,20.0,Exportar timing lint,0.0,13,0,0.2309,2026-06-03T14:21:09Z,06-teste-lento — variação do experimento CI/CD,True,True,False,True,False,https://github.com/RafaelBarbosa12/ponderada-metricas/actions/runs/26891024956
26891024956,8,8e75da4b9fd5e61990c8800c2017ad10d8619892,exp:06-teste-lento — variação do experimento CI/CD,completed,success,54.0,lint,20.0,Post Cache pip,0.0,13,0,0.2309,2026-06-03T14:21:09Z,06-teste-lento — variação do experimento CI/CD,True,True,False,True,False,https://github.com/RafaelBarbosa12/ponderada-metricas/actions/runs/26891024956
26891024956,8,8e75da4b9fd5e61990c8800c2017ad10d8619892,exp:06-teste-lento — variação do experimento CI/CD,completed,success,54.0,lint,20.0,Post Setup Python,0.0,13,0,0.2309,2026-06-03T14:21:09Z,06-teste-lento — variação do experimento CI/CD,True,True,False,True,False,https://github.com/RafaelBarbosa12/ponderada-metricas/actions/runs/26891024956
26891024956,8,8e75da4b9fd5e61990c8800c2017ad10d8619892,exp:06-teste-lento — variação do experimento CI/CD,completed,success,54.0,lint,20.0,Post Run actions/checkout@v4,1.0,13,0,0.2309,2026-06-03T14:21:09Z,06-teste-lento — variação do experimento CI/CD,True,True,False,True,False,https://github.com/RafaelBarbosa12/ponderada-metricas/actions/runs/26891024956
26891024956,8,8e75da4b9fd5e61990c8800c2017ad10d8619892,exp:06-teste-lento — variação do experimento CI/CD,completed,success,54.0,lint,20.0,Complete job,0.0,13,0,0.2309,2026-06-03T14:21:09Z,06-teste-lento — variação do experimento CI/CD,True,True,False,True,False,https://github.com/RafaelBarbosa12/ponderada-metricas/actions/runs/26891024956
26891024956,8,8e75da4b9fd5e61990c8800c2017ad10d8619892,exp:06-teste-lento — variação do experimento CI/CD,completed,success,54.0,test,26.0,Set up job,1.0,13,0,0.2309,2026-06-03T14:21:09Z,06-teste-lento — variação do experimento CI/CD,True,True,False,True,False,https://github.com/RafaelBarbosa12/ponderada-metricas/actions/runs/26891024956
26891024956,8,8e75da4b9fd5e61990c8800c2017ad10d8619892,exp:06-teste-lento — variação do experimento CI/CD,completed,success,54.0,test,26.0,Run actions/checkout@v4,1.0,13,0,0.2309,2026-06-03T14:21:09Z,06-teste-lento — variação do experimento CI/CD,True,True,False,True,False,https://github.com/RafaelBarbosa12/ponderada-metricas/actions/runs/26891024956
26891024956,8,8e75da4b9fd5e61990c8800c2017ad10d8619892,exp:06-teste-lento — variação do experimento CI/CD,completed,success,54.0,test,26.0,Carregar experiment-config.json,0.0,13,0,0.2309,2026-06-03T14:21:09Z,06-teste-lento — variação do experimento CI/CD,True,True,False,True,False,https://github.com/RafaelBarbosa12/ponderada-metricas/actions/runs/26891024956
26891024956,8,8e75da4b9fd5e61990c8800c2017ad10d8619892,exp:06-teste-lento — variação do experimento CI/CD,completed,success,54.0,test,26.0,Setup Python,0.0,13,0,0.2309,2026-06-03T14:21:09Z,06-teste-lento — variação do experimento CI/CD,True,True,False,True,False,https://github.com/RafaelBarbosa12/ponderada-metricas/actions/runs/26891024956
26891024956,8,8e75da4b9fd5e61990c8800c2017ad10d8619892,exp:06-teste-lento — variação do experimento CI/CD,completed,success,54.0,test,26.0,Cache pip,1.0,13,0,0.2309,2026-06-03T14:21:09Z,06-teste-lento — variação do experimento CI/CD,True,True,False,True,False,https://github.com/RafaelBarbosa12/ponderada-metricas/actions/runs/26891024956
26891024956,8,8e75da4b9fd5e61990c8800c2017ad10d8619892,exp:06-teste-lento — variação do experimento CI/CD,completed,success,54.0,test,26.0,Instalar dependências,15.0,13,0,0.2309,2026-06-03T14:21:09Z,06-teste-lento — variação do experimento CI/CD,True,True,False,True,False,https://github.com/RafaelBarbosa12/ponderada-metricas/actions/runs/26891024956
26891024956,8,8e75da4b9fd5e61990c8800c2017ad10d8619892,exp:06-teste-lento — variação do experimento CI/CD,completed,success,54.0,test,26.0,Executar testes,3.0,13,0,0.2309,2026-06-03T14:21:09Z,06-teste-lento — variação do experimento CI/CD,True,True,False,True,False,https://github.com/RafaelBarbosa12/ponderada-metricas/actions/runs/26891024956
26891024956,8,8e75da4b9fd5e61990c8800c2017ad10d8619892,exp:06-teste-lento — variação do experimento CI/CD,completed,success,54.0,test,26.0,Upload relatório de testes,1.0,13,0,0.2309,2026-06-03T14:21:09Z,06-teste-lento — variação do experimento CI/CD,True,True,False,True,False,https://github.com/RafaelBarbosa12/ponderada-metricas/actions/runs/26891024956
26891024956,8,8e75da4b9fd5e61990c8800c2017ad10d8619892,exp:06-teste-lento — variação do experimento CI/CD,completed,success,54.0,test,26.0,Exportar timing test,0.0,13,0,0.2309,2026-06-03T14:21:09Z,06-teste-lento — variação do experimento CI/CD,True,True,False,True,False,https://github.com/RafaelBarbosa12/ponderada-metricas/actions/runs/26891024956
26891024956,8,8e75da4b9fd5e61990c8800c2017ad10d8619892,exp:06-teste-lento — variação do experimento CI/CD,completed,success,54.0,test,26.0,Post Cache pip,0.0,13,0,0.2309,2026-06-03T14:21:09Z,06-teste-lento — variação do experimento CI/CD,True,True,False,True,False,https://github.com/RafaelBarbosa12/ponderada-metricas/actions/runs/26891024956
26891024956,8,8e75da4b9fd5e61990c8800c2017ad10d8619892,exp:06-teste-lento — variação do experimento CI/CD,completed,success,54.0,test,26.0,Post Setup Python,1.0,13,0,0.2309,2026-06-03T14:21:09Z,06-teste-lento — variação do experimento CI/CD,True,True,False,True,False,https://github.com/RafaelBarbosa12/ponderada-metricas/actions/runs/26891024956
26891024956,8,8e75da4b9fd5e61990c8800c2017ad10d8619892,exp:06-teste-lento — variação do experimento CI/CD,completed,success,54.0,test,26.0,Post Run actions/checkout@v4,0.0,13,0,0.2309,2026-06-03T14:21:09Z,06-teste-lento — variação do experimento CI/CD,True,True,False,True,False,https://github.com/RafaelBarbosa12/ponderada-metricas/actions/runs/26891024956
26891024956,8,8e75da4b9fd5e61990c8800c2017ad10d8619892,exp:06-teste-lento — variação do experimento CI/CD,completed,success,54.0,test,26.0,Complete job,0.0,13,0,0.2309,2026-06-03T14:21:09Z,06-teste-lento — variação do experimento CI/CD,True,True,False,True,False,https://github.com/RafaelBarbosa12/ponderada-metricas/actions/runs/26891024956
26891024956,8,8e75da4b9fd5e61990c8800c2017ad10d8619892,exp:06-teste-lento — variação do experimento CI/CD,completed,success,54.0,collect-metrics,20.0,Set up job,2.0,13,0,0.2309,2026-06-03T14:21:09Z,06-teste-lento — variação do experimento CI/CD,True,True,False,True,False,https://github.com/RafaelBarbosa12/ponderada-metricas/actions/runs/26891024956
26891024956,8,8e75da4b9fd5e61990c8800c2017ad10d8619892,exp:06-teste-lento — variação do experimento CI/CD,completed,success,54.0,collect-metrics,20.0,Run actions/checkout@v4,0.0,13,0,0.2309,2026-06-03T14:21:09Z,06-teste-lento — variação do experimento CI/CD,True,True,False,True,False,https://github.com/RafaelBarbosa12/ponderada-metricas/actions/runs/26891024956
26891024956,8,8e75da4b9fd5e61990c8800c2017ad10d8619892,exp:06-teste-lento — variação do experimento CI/CD,completed,success,54.0,collect-metrics,20.0,Setup Python,0.0,13,0,0.2309,2026-06-03T14:21:09Z,06-teste-lento — variação do experimento CI/CD,True,True,False,True,False,https://github.com/RafaelBarbosa12/ponderada-metricas/actions/runs/26891024956
26891024956,8,8e75da4b9fd5e61990c8800c2017ad10d8619892,exp:06-teste-lento — variação do experimento CI/CD,completed,success,54.0,collect-metrics,20.0,Carregar experiment-config.json,1.0,13,0,0.2309,2026-06-03T14:21:09Z,06-teste-lento — variação do experimento CI/CD,True,True,False,True,False,https://github.com/RafaelBarbosa12/ponderada-metricas/actions/runs/26891024956
26891024956,8,8e75da4b9fd5e61990c8800c2017ad10d8619892,exp:06-teste-lento — variação do experimento CI/CD,completed,success,54.0,collect-metrics,20.0,Baixar artefato de testes,0.0,13,0,0.2309,2026-06-03T14:21:09Z,06-teste-lento — variação do experimento CI/CD,True,True,False,True,False,https://github.com/RafaelBarbosa12/ponderada-metricas/actions/runs/26891024956
26891024956,8,8e75da4b9fd5e61990c8800c2017ad10d8619892,exp:06-teste-lento — variação do experimento CI/CD,completed,success,54.0,collect-metrics,20.0,Mensagem e variação do experimento,0.0,13,0,0.2309,2026-06-03T14:21:09Z,06-teste-lento — variação do experimento CI/CD,True,True,False,True,False,https://github.com/RafaelBarbosa12/ponderada-metricas/actions/runs/26891024956
26891024956,8,8e75da4b9fd5e61990c8800c2017ad10d8619892,exp:06-teste-lento — variação do experimento CI/CD,completed,success,54.0,collect-metrics,20.0,Instalar dependências mínimas,14.0,13,0,0.2309,2026-06-03T14:21:09Z,06-teste-lento — variação do experimento CI/CD,True,True,False,True,False,https://github.com/RafaelBarbosa12/ponderada-metricas/actions/runs/26891024956
26891024956,8,8e75da4b9fd5e61990c8800c2017ad10d8619892,exp:06-teste-lento — variação do experimento CI/CD,completed,success,54.0,collect-metrics,20.0,Calcular duração do workflow (aprox.),0.0,13,0,0.2309,2026-06-03T14:21:09Z,06-teste-lento — variação do experimento CI/CD,True,True,False,True,False,https://github.com/RafaelBarbosa12/ponderada-metricas/actions/runs/26891024956
26891024956,8,8e75da4b9fd5e61990c8800c2017ad10d8619892,exp:06-teste-lento — variação do experimento CI/CD,completed,success,54.0,collect-metrics,20.0,Gravar métricas locais,0.0,13,0,0.2309,2026-06-03T14:21:09Z,06-teste-lento — variação do experimento CI/CD,True,True,False,True,False,https://github.com/RafaelBarbosa12/ponderada-metricas/actions/runs/26891024956
26891024956,8,8e75da4b9fd5e61990c8800c2017ad10d8619892,exp:06-teste-lento — variação do experimento CI/CD,completed,success,54.0,collect-metrics,20.0,Anotar resultados dos jobs,0.0,13,0,0.2309,2026-06-03T14:21:09Z,06-teste-lento — variação do experimento CI/CD,True,True,False,True,False,https://github.com/RafaelBarbosa12/ponderada-metricas/actions/runs/26891024956
26891024956,8,8e75da4b9fd5e61990c8800c2017ad10d8619892,exp:06-teste-lento — variação do experimento CI/CD,completed,success,54.0,collect-metrics,20.0,Upload métricas,1.0,13,0,0.2309,2026-06-03T14:21:09Z,06-teste-lento — variação do experimento CI/CD,True,True,False,True,False,https://github.com/RafaelBarbosa12/ponderada-metricas/actions/runs/26891024956
26891024956,8,8e75da4b9fd5e61990c8800c2017ad10d8619892,exp:06-teste-lento — variação do experimento CI/CD,completed,success,54.0,collect-metrics,20.0,Resumo no job,0.0,13,0,0.2309,2026-06-03T14:21:09Z,06-teste-lento — variação do experimento CI/CD,True,True,False,True,False,https://github.com/RafaelBarbosa12/ponderada-metricas/actions/runs/26891024956
26891024956,8,8e75da4b9fd5e61990c8800c2017ad10d8619892,exp:06-teste-lento — variação do experimento CI/CD,completed,success,54.0,collect-metrics,20.0,Post Setup Python,0.0,13,0,0.2309,2026-06-03T14:21:09Z,06-teste-lento — variação do experimento CI/CD,True,True,False,True,False,https://github.com/RafaelBarbosa12/ponderada-metricas/actions/runs/26891024956
26891024956,8,8e75da4b9fd5e61990c8800c2017ad10d8619892,exp:06-teste-lento — variação do experimento CI/CD,completed,success,54.0,collect-metrics,20.0,Post Run actions/checkout@v4,0.0,13,0,0.2309,2026-06-03T14:21:09Z,06-teste-lento — variação do experimento CI/CD,True,True,False,True,False,https://github.com/RafaelBarbosa12/ponderada-metricas/actions/runs/26891024956
26891024956,8,8e75da4b9fd5e61990c8800c2017ad10d8619892,exp:06-teste-lento — variação do experimento CI/CD,completed,success,54.0,collect-metrics,20.0,Complete job,0.0,13,0,0.2309,2026-06-03T14:21:09Z,06-teste-lento — variação do experimento CI/CD,True,True,False,True,False,https://github.com/RafaelBarbosa12/ponderada-metricas/actions/runs/26891024956
26891017931,7,0b84b8b46c57c90a8330e40293042219a4233adb,exp:05-testes-expandidos — variação do experimento CI/CD,completed,success,59.0,lint,20.0,Set up job,1.0,13,0,0.0,2026-06-03T14:21:02Z,05-testes-expandidos — variação do experimento CI/CD,True,True,True,False,False,https://github.com/RafaelBarbosa12/ponderada-metricas/actions/runs/26891017931
26891017931,7,0b84b8b46c57c90a8330e40293042219a4233adb,exp:05-testes-expandidos — variação do experimento CI/CD,completed,success,59.0,lint,20.0,Run actions/checkout@v4,0.0,13,0,0.0,2026-06-03T14:21:02Z,05-testes-expandidos — variação do experimento CI/CD,True,True,True,False,False,https://github.com/RafaelBarbosa12/ponderada-metricas/actions/runs/26891017931
26891017931,7,0b84b8b46c57c90a8330e40293042219a4233adb,exp:05-testes-expandidos — variação do experimento CI/CD,completed,success,59.0,lint,20.0,Carregar experiment-config.json,1.0,13,0,0.0,2026-06-03T14:21:02Z,05-testes-expandidos — variação do experimento CI/CD,True,True,True,False,False,https://github.com/RafaelBarbosa12/ponderada-metricas/actions/runs/26891017931
26891017931,7,0b84b8b46c57c90a8330e40293042219a4233adb,exp:05-testes-expandidos — variação do experimento CI/CD,completed,success,59.0,lint,20.0,Setup Python,0.0,13,0,0.0,2026-06-03T14:21:02Z,05-testes-expandidos — variação do experimento CI/CD,True,True,True,False,False,https://github.com/RafaelBarbosa12/ponderada-metricas/actions/runs/26891017931
26891017931,7,0b84b8b46c57c90a8330e40293042219a4233adb,exp:05-testes-expandidos — variação do experimento CI/CD,completed,success,59.0,lint,20.0,Cache pip,1.0,13,0,0.0,2026-06-03T14:21:02Z,05-testes-expandidos — variação do experimento CI/CD,True,True,True,False,False,https://github.com/RafaelBarbosa12/ponderada-metricas/actions/runs/26891017931
26891017931,7,0b84b8b46c57c90a8330e40293042219a4233adb,exp:05-testes-expandidos — variação do experimento CI/CD,completed,success,59.0,lint,20.0,Instalar dependências,14.0,13,0,0.0,2026-06-03T14:21:02Z,05-testes-expandidos — variação do experimento CI/CD,True,True,True,False,False,https://github.com/RafaelBarbosa12/ponderada-metricas/actions/runs/26891017931
26891017931,7,0b84b8b46c57c90a8330e40293042219a4233adb,exp:05-testes-expandidos — variação do experimento CI/CD,completed,success,59.0,lint,20.0,Ruff (lint),0.0,13,0,0.0,2026-06-03T14:21:02Z,05-testes-expandidos — variação do experimento CI/CD,True,True,True,False,False,https://github.com/RafaelBarbosa12/ponderada-metricas/actions/runs/26891017931
26891017931,7,0b84b8b46c57c90a8330e40293042219a4233adb,exp:05-testes-expandidos — variação do experimento CI/CD,completed,success,59.0,lint,20.0,Exportar timing lint,0.0,13,0,0.0,2026-06-03T14:21:02Z,05-testes-expandidos — variação do experimento CI/CD,True,True,True,False,False,https://github.com/RafaelBarbosa12/ponderada-metricas/actions/runs/26891017931
26891017931,7,0b84b8b46c57c90a8330e40293042219a4233adb,exp:05-testes-expandidos — variação do experimento CI/CD,completed,success,59.0,lint,20.0,Post Cache pip,0.0,13,0,0.0,2026-06-03T14:21:02Z,05-testes-expandidos — variação do experimento CI/CD,True,True,True,False,False,https://github.com/RafaelBarbosa12/ponderada-metricas/actions/runs/26891017931
26891017931,7,0b84b8b46c57c90a8330e40293042219a4233adb,exp:05-testes-expandidos — variação do experimento CI/CD,completed,success,59.0,lint,20.0,Post Setup Python,0.0,13,0,0.0,2026-06-03T14:21:02Z,05-testes-expandidos — variação do experimento CI/CD,True,True,True,False,False,https://github.com/RafaelBarbosa12/ponderada-metricas/actions/runs/26891017931
26891017931,7,0b84b8b46c57c90a8330e40293042219a4233adb,exp:05-testes-expandidos — variação do experimento CI/CD,completed,success,59.0,lint,20.0,Post Run actions/checkout@v4,1.0,13,0,0.0,2026-06-03T14:21:02Z,05-testes-expandidos — variação do experimento CI/CD,True,True,True,False,False,https://github.com/RafaelBarbosa12/ponderada-metricas/actions/runs/26891017931
26891017931,7,0b84b8b46c57c90a8330e40293042219a4233adb,exp:05-testes-expandidos — variação do experimento CI/CD,completed,success,59.0,lint,20.0,Complete job,0.0,13,0,0.0,2026-06-03T14:21:02Z,05-testes-expandidos — variação do experimento CI/CD,True,True,True,False,False,https://github.com/RafaelBarbosa12/ponderada-metricas/actions/runs/26891017931
26891017931,7,0b84b8b46c57c90a8330e40293042219a4233adb,exp:05-testes-expandidos — variação do experimento CI/CD,completed,success,59.0,test,22.0,Set up job,1.0,13,0,0.0,2026-06-03T14:21:02Z,05-testes-expandidos — variação do experimento CI/CD,True,True,True,False,False,https://github.com/RafaelBarbosa12/ponderada-metricas/actions/runs/26891017931
26891017931,7,0b84b8b46c57c90a8330e40293042219a4233adb,exp:05-testes-expandidos — variação do experimento CI/CD,completed,success,59.0,test,22.0,Run actions/checkout@v4,1.0,13,0,0.0,2026-06-03T14:21:02Z,05-testes-expandidos — variação do experimento CI/CD,True,True,True,False,False,https://github.com/RafaelBarbosa12/ponderada-metricas/actions/runs/26891017931
26891017931,7,0b84b8b46c57c90a8330e40293042219a4233adb,exp:05-testes-expandidos — variação do experimento CI/CD,completed,success,59.0,test,22.0,Carregar experiment-config.json,0.0,13,0,0.0,2026-06-03T14:21:02Z,05-testes-expandidos — variação do experimento CI/CD,True,True,True,False,False,https://github.com/RafaelBarbosa12/ponderada-metricas/actions/runs/26891017931
26891017931,7,0b84b8b46c57c90a8330e40293042219a4233adb,exp:05-testes-expandidos — variação do experimento CI/CD,completed,success,59.0,test,22.0,Setup Python,1.0,13,0,0.0,2026-06-03T14:21:02Z,05-testes-expandidos — variação do experimento CI/CD,True,True,True,False,False,https://github.com/RafaelBarbosa12/ponderada-metricas/actions/runs/26891017931
26891017931,7,0b84b8b46c57c90a8330e40293042219a4233adb,exp:05-testes-expandidos — variação do experimento CI/CD,completed,success,59.0,test,22.0,Cache pip,1.0,13,0,0.0,2026-06-03T14:21:02Z,05-testes-expandidos — variação do experimento CI/CD,True,True,True,False,False,https://github.com/RafaelBarbosa12/ponderada-metricas/actions/runs/26891017931
26891017931,7,0b84b8b46c57c90a8330e40293042219a4233adb,exp:05-testes-expandidos — variação do experimento CI/CD,completed,success,59.0,test,22.0,Instalar dependências,15.0,13,0,0.0,2026-06-03T14:21:02Z,05-testes-expandidos — variação do experimento CI/CD,True,True,True,False,False,https://github.com/RafaelBarbosa12/ponderada-metricas/actions/runs/26891017931
26891017931,7,0b84b8b46c57c90a8330e40293042219a4233adb,exp:05-testes-expandidos — variação do experimento CI/CD,completed,success,59.0,test,22.0,Executar testes,0.0,13,0,0.0,2026-06-03T14:21:02Z,05-testes-expandidos — variação do experimento CI/CD,True,True,True,False,False,https://github.com/RafaelBarbosa12/ponderada-metricas/actions/runs/26891017931
26891017931,7,0b84b8b46c57c90a8330e40293042219a4233adb,exp:05-testes-expandidos — variação do experimento CI/CD,completed,success,59.0,test,22.0,Upload relatório de testes,1.0,13,0,0.0,2026-06-03T14:21:02Z,05-testes-expandidos — variação do experimento CI/CD,True,True,True,False,False,https://github.com/RafaelBarbosa12/ponderada-metricas/actions/runs/26891017931
26891017931,7,0b84b8b46c57c90a8330e40293042219a4233adb,exp:05-testes-expandidos — variação do experimento CI/CD,completed,success,59.0,test,22.0,Exportar timing test,0.0,13,0,0.0,2026-06-03T14:21:02Z,05-testes-expandidos — variação do experimento CI/CD,True,True,True,False,False,https://github.com/RafaelBarbosa12/ponderada-metricas/actions/runs/26891017931
26891017931,7,0b84b8b46c57c90a8330e40293042219a4233adb,exp:05-testes-expandidos — variação do experimento CI/CD,completed,success,59.0,test,22.0,Post Cache pip,0.0,13,0,0.0,2026-06-03T14:21:02Z,05-testes-expandidos — variação do experimento CI/CD,True,True,True,False,False,https://github.com/RafaelBarbosa12/ponderada-metricas/actions/runs/26891017931
26891017931,7,0b84b8b46c57c90a8330e40293042219a4233adb,exp:05-testes-expandidos — variação do experimento CI/CD,completed,success,59.0,test,22.0,Post Setup Python,0.0,13,0,0.0,2026-06-03T14:21:02Z,05-testes-expandidos — variação do experimento CI/CD,True,True,True,False,False,https://github.com/RafaelBarbosa12/ponderada-metricas/actions/runs/26891017931
26891017931,7,0b84b8b46c57c90a8330e40293042219a4233adb,exp:05-testes-expandidos — variação do experimento CI/CD,completed,success,59.0,test,22.0,Post Run actions/checkout@v4,0.0,13,0,0.0,2026-06-03T14:21:02Z,05-testes-expandidos — variação do experimento CI/CD,True,True,True,False,False,https://github.com/RafaelBarbosa12/ponderada-metricas/actions/runs/26891017931
26891017931,7,0b84b8b46c57c90a8330e40293042219a4233adb,exp:05-testes-expandidos — variação do experimento CI/CD,completed,success,59.0,test,22.0,Complete job,0.0,13,0,0.0,2026-06-03T14:21:02Z,05-testes-expandidos — variação do experimento CI/CD,True,True,True,False,False,https://github.com/RafaelBarbosa12/ponderada-metricas/actions/runs/26891017931
26891017931,7,0b84b8b46c57c90a8330e40293042219a4233adb,exp:05-testes-expandidos — variação do experimento CI/CD,completed,success,59.0,collect-metrics,27.0,Set up job,1.0,13,0,0.0,2026-06-03T14:21:02Z,05-testes-expandidos — variação do experimento CI/CD,True,True,True,False,False,https://github.com/RafaelBarbosa12/ponderada-metricas/actions/runs/26891017931
26891017931,7,0b84b8b46c57c90a8330e40293042219a4233adb,exp:05-testes-expandidos — variação do experimento CI/CD,completed,success,59.0,collect-metrics,27.0,Run actions/checkout@v4,2.0,13,0,0.0,2026-06-03T14:21:02Z,05-testes-expandidos — variação do experimento CI/CD,True,True,True,False,False,https://github.com/RafaelBarbosa12/ponderada-metricas/actions/runs/26891017931
26891017931,7,0b84b8b46c57c90a8330e40293042219a4233adb,exp:05-testes-expandidos — variação do experimento CI/CD,completed,success,59.0,collect-metrics,27.0,Setup Python,0.0,13,0,0.0,2026-06-03T14:21:02Z,05-testes-expandidos — variação do experimento CI/CD,True,True,True,False,False,https://github.com/RafaelBarbosa12/ponderada-metricas/actions/runs/26891017931
26891017931,7,0b84b8b46c57c90a8330e40293042219a4233adb,exp:05-testes-expandidos — variação do experimento CI/CD,completed,success,59.0,collect-metrics,27.0,Carregar experiment-config.json,0.0,13,0,0.0,2026-06-03T14:21:02Z,05-testes-expandidos — variação do experimento CI/CD,True,True,True,False,False,https://github.com/RafaelBarbosa12/ponderada-metricas/actions/runs/26891017931
26891017931,7,0b84b8b46c57c90a8330e40293042219a4233adb,exp:05-testes-expandidos — variação do experimento CI/CD,completed,success,59.0,collect-metrics,27.0,Baixar artefato de testes,1.0,13,0,0.0,2026-06-03T14:21:02Z,05-testes-expandidos — variação do experimento CI/CD,True,True,True,False,False,https://github.com/RafaelBarbosa12/ponderada-metricas/actions/runs/26891017931
26891017931,7,0b84b8b46c57c90a8330e40293042219a4233adb,exp:05-testes-expandidos — variação do experimento CI/CD,completed,success,59.0,collect-metrics,27.0,Mensagem e variação do experimento,0.0,13,0,0.0,2026-06-03T14:21:02Z,05-testes-expandidos — variação do experimento CI/CD,True,True,True,False,False,https://github.com/RafaelBarbosa12/ponderada-metricas/actions/runs/26891017931
26891017931,7,0b84b8b46c57c90a8330e40293042219a4233adb,exp:05-testes-expandidos — variação do experimento CI/CD,completed,success,59.0,collect-metrics,27.0,Instalar dependências mínimas,16.0,13,0,0.0,2026-06-03T14:21:02Z,05-testes-expandidos — variação do experimento CI/CD,True,True,True,False,False,https://github.com/RafaelBarbosa12/ponderada-metricas/actions/runs/26891017931
26891017931,7,0b84b8b46c57c90a8330e40293042219a4233adb,exp:05-testes-expandidos — variação do experimento CI/CD,completed,success,59.0,collect-metrics,27.0,Calcular duração do workflow (aprox.),0.0,13,0,0.0,2026-06-03T14:21:02Z,05-testes-expandidos — variação do experimento CI/CD,True,True,True,False,False,https://github.com/RafaelBarbosa12/ponderada-metricas/actions/runs/26891017931
26891017931,7,0b84b8b46c57c90a8330e40293042219a4233adb,exp:05-testes-expandidos — variação do experimento CI/CD,completed,success,59.0,collect-metrics,27.0,Gravar métricas locais,1.0,13,0,0.0,2026-06-03T14:21:02Z,05-testes-expandidos — variação do experimento CI/CD,True,True,True,False,False,https://github.com/RafaelBarbosa12/ponderada-metricas/actions/runs/26891017931
26891017931,7,0b84b8b46c57c90a8330e40293042219a4233adb,exp:05-testes-expandidos — variação do experimento CI/CD,completed,success,59.0,collect-metrics,27.0,Anotar resultados dos jobs,0.0,13,0,0.0,2026-06-03T14:21:02Z,05-testes-expandidos — variação do experimento CI/CD,True,True,True,False,False,https://github.com/RafaelBarbosa12/ponderada-metricas/actions/runs/26891017931
26891017931,7,0b84b8b46c57c90a8330e40293042219a4233adb,exp:05-testes-expandidos — variação do experimento CI/CD,completed,success,59.0,collect-metrics,27.0,Upload métricas,1.0,13,0,0.0,2026-06-03T14:21:02Z,05-testes-expandidos — variação do experimento CI/CD,True,True,True,False,False,https://github.com/RafaelBarbosa12/ponderada-metricas/actions/runs/26891017931
26891017931,7,0b84b8b46c57c90a8330e40293042219a4233adb,exp:05-testes-expandidos — variação do experimento CI/CD,completed,success,59.0,collect-metrics,27.0,Resumo no job,0.0,13,0,0.0,2026-06-03T14:21:02Z,05-testes-expandidos — variação do experimento CI/CD,True,True,True,False,False,https://github.com/RafaelBarbosa12/ponderada-metricas/actions/runs/26891017931
26891017931,7,0b84b8b46c57c90a8330e40293042219a4233adb,exp:05-testes-expandidos — variação do experimento CI/CD,completed,success,59.0,collect-metrics,27.0,Post Setup Python,0.0,13,0,0.0,2026-06-03T14:21:02Z,05-testes-expandidos — variação do experimento CI/CD,True,True,True,False,False,https://github.com/RafaelBarbosa12/ponderada-metricas/actions/runs/26891017931
26891017931,7,0b84b8b46c57c90a8330e40293042219a4233adb,exp:05-testes-expandidos — variação do experimento CI/CD,completed,success,59.0,collect-metrics,27.0,Post Run actions/checkout@v4,0.0,13,0,0.0,2026-06-03T14:21:02Z,05-testes-expandidos — variação do experimento CI/CD,True,True,True,False,False,https://github.com/RafaelBarbosa12/ponderada-metricas/actions/runs/26891017931
26891017931,7,0b84b8b46c57c90a8330e40293042219a4233adb,exp:05-testes-expandidos — variação do experimento CI/CD,completed,success,59.0,collect-metrics,27.0,Complete job,1.0,13,0,0.0,2026-06-03T14:21:02Z,05-testes-expandidos — variação do experimento CI/CD,True,True,True,False,False,https://github.com/RafaelBarbosa12/ponderada-metricas/actions/runs/26891017931
26891009858,6,d40f15684e719e99eab21ef603fc0c5df365df7e,exp:02-sem-cache — variação do experimento CI/CD,completed,success,49.0,lint,19.0,Set up job,1.0,13,0,0.0001,2026-06-03T14:20:54Z,02-sem-cache — variação do experimento CI/CD,True,False,False,False,False,https://github.com/RafaelBarbosa12/ponderada-metricas/actions/runs/26891009858
26891009858,6,d40f15684e719e99eab21ef603fc0c5df365df7e,exp:02-sem-cache — variação do experimento CI/CD,completed,success,49.0,lint,19.0,Run actions/checkout@v4,1.0,13,0,0.0001,2026-06-03T14:20:54Z,02-sem-cache — variação do experimento CI/CD,True,False,False,False,False,https://github.com/RafaelBarbosa12/ponderada-metricas/actions/runs/26891009858
26891009858,6,d40f15684e719e99eab21ef603fc0c5df365df7e,exp:02-sem-cache — variação do experimento CI/CD,completed,success,49.0,lint,19.0,Carregar experiment-config.json,0.0,13,0,0.0001,2026-06-03T14:20:54Z,02-sem-cache — variação do experimento CI/CD,True,False,False,False,False,https://github.com/RafaelBarbosa12/ponderada-metricas/actions/runs/26891009858
26891009858,6,d40f15684e719e99eab21ef603fc0c5df365df7e,exp:02-sem-cache — variação do experimento CI/CD,completed,success,49.0,lint,19.0,Setup Python,0.0,13,0,0.0001,2026-06-03T14:20:54Z,02-sem-cache — variação do experimento CI/CD,True,False,False,False,False,https://github.com/RafaelBarbosa12/ponderada-metricas/actions/runs/26891009858
26891009858,6,d40f15684e719e99eab21ef603fc0c5df365df7e,exp:02-sem-cache — variação do experimento CI/CD,completed,success,49.0,lint,19.0,Cache pip,0.0,13,0,0.0001,2026-06-03T14:20:54Z,02-sem-cache — variação do experimento CI/CD,True,False,False,False,False,https://github.com/RafaelBarbosa12/ponderada-metricas/actions/runs/26891009858
26891009858,6,d40f15684e719e99eab21ef603fc0c5df365df7e,exp:02-sem-cache — variação do experimento CI/CD,completed,success,49.0,lint,19.0,Instalar dependências,14.0,13,0,0.0001,2026-06-03T14:20:54Z,02-sem-cache — variação do experimento CI/CD,True,False,False,False,False,https://github.com/RafaelBarbosa12/ponderada-metricas/actions/runs/26891009858
26891009858,6,d40f15684e719e99eab21ef603fc0c5df365df7e,exp:02-sem-cache — variação do experimento CI/CD,completed,success,49.0,lint,19.0,Ruff (lint),0.0,13,0,0.0001,2026-06-03T14:20:54Z,02-sem-cache — variação do experimento CI/CD,True,False,False,False,False,https://github.com/RafaelBarbosa12/ponderada-metricas/actions/runs/26891009858
26891009858,6,d40f15684e719e99eab21ef603fc0c5df365df7e,exp:02-sem-cache — variação do experimento CI/CD,completed,success,49.0,lint,19.0,Exportar timing lint,0.0,13,0,0.0001,2026-06-03T14:20:54Z,02-sem-cache — variação do experimento CI/CD,True,False,False,False,False,https://github.com/RafaelBarbosa12/ponderada-metricas/actions/runs/26891009858
26891009858,6,d40f15684e719e99eab21ef603fc0c5df365df7e,exp:02-sem-cache — variação do experimento CI/CD,completed,success,49.0,lint,19.0,Post Setup Python,0.0,13,0,0.0001,2026-06-03T14:20:54Z,02-sem-cache — variação do experimento CI/CD,True,False,False,False,False,https://github.com/RafaelBarbosa12/ponderada-metricas/actions/runs/26891009858
26891009858,6,d40f15684e719e99eab21ef603fc0c5df365df7e,exp:02-sem-cache — variação do experimento CI/CD,completed,success,49.0,lint,19.0,Post Run actions/checkout@v4,0.0,13,0,0.0001,2026-06-03T14:20:54Z,02-sem-cache — variação do experimento CI/CD,True,False,False,False,False,https://github.com/RafaelBarbosa12/ponderada-metricas/actions/runs/26891009858
26891009858,6,d40f15684e719e99eab21ef603fc0c5df365df7e,exp:02-sem-cache — variação do experimento CI/CD,completed,success,49.0,lint,19.0,Complete job,0.0,13,0,0.0001,2026-06-03T14:20:54Z,02-sem-cache — variação do experimento CI/CD,True,False,False,False,False,https://github.com/RafaelBarbosa12/ponderada-metricas/actions/runs/26891009858
26891009858,6,d40f15684e719e99eab21ef603fc0c5df365df7e,exp:02-sem-cache — variação do experimento CI/CD,completed,success,49.0,test,21.0,Set up job,1.0,13,0,0.0001,2026-06-03T14:20:54Z,02-sem-cache — variação do experimento CI/CD,True,False,False,False,False,https://github.com/RafaelBarbosa12/ponderada-metricas/actions/runs/26891009858
26891009858,6,d40f15684e719e99eab21ef603fc0c5df365df7e,exp:02-sem-cache — variação do experimento CI/CD,completed,success,49.0,test,21.0,Run actions/checkout@v4,1.0,13,0,0.0001,2026-06-03T14:20:54Z,02-sem-cache — variação do experimento CI/CD,True,False,False,False,False,https://github.com/RafaelBarbosa12/ponderada-metricas/actions/runs/26891009858
26891009858,6,d40f15684e719e99eab21ef603fc0c5df365df7e,exp:02-sem-cache — variação do experimento CI/CD,completed,success,49.0,test,21.0,Carregar experiment-config.json,0.0,13,0,0.0001,2026-06-03T14:20:54Z,02-sem-cache — variação do experimento CI/CD,True,False,False,False,False,https://github.com/RafaelBarbosa12/ponderada-metricas/actions/runs/26891009858
26891009858,6,d40f15684e719e99eab21ef603fc0c5df365df7e,exp:02-sem-cache — variação do experimento CI/CD,completed,success,49.0,test,21.0,Setup Python,0.0,13,0,0.0001,2026-06-03T14:20:54Z,02-sem-cache — variação do experimento CI/CD,True,False,False,False,False,https://github.com/RafaelBarbosa12/ponderada-metricas/actions/runs/26891009858
26891009858,6,d40f15684e719e99eab21ef603fc0c5df365df7e,exp:02-sem-cache — variação do experimento CI/CD,completed,success,49.0,test,21.0,Cache pip,0.0,13,0,0.0001,2026-06-03T14:20:54Z,02-sem-cache — variação do experimento CI/CD,True,False,False,False,False,https://github.com/RafaelBarbosa12/ponderada-metricas/actions/runs/26891009858
26891009858,6,d40f15684e719e99eab21ef603fc0c5df365df7e,exp:02-sem-cache — variação do experimento CI/CD,completed,success,49.0,test,21.0,Instalar dependências,15.0,13,0,0.0001,2026-06-03T14:20:54Z,02-sem-cache — variação do experimento CI/CD,True,False,False,False,False,https://github.com/RafaelBarbosa12/ponderada-metricas/actions/runs/26891009858
26891009858,6,d40f15684e719e99eab21ef603fc0c5df365df7e,exp:02-sem-cache — variação do experimento CI/CD,completed,success,49.0,test,21.0,Executar testes,0.0,13,0,0.0001,2026-06-03T14:20:54Z,02-sem-cache — variação do experimento CI/CD,True,False,False,False,False,https://github.com/RafaelBarbosa12/ponderada-metricas/actions/runs/26891009858
26891009858,6,d40f15684e719e99eab21ef603fc0c5df365df7e,exp:02-sem-cache — variação do experimento CI/CD,completed,success,49.0,test,21.0,Upload relatório de testes,1.0,13,0,0.0001,2026-06-03T14:20:54Z,02-sem-cache — variação do experimento CI/CD,True,False,False,False,False,https://github.com/RafaelBarbosa12/ponderada-metricas/actions/runs/26891009858
26891009858,6,d40f15684e719e99eab21ef603fc0c5df365df7e,exp:02-sem-cache — variação do experimento CI/CD,completed,success,49.0,test,21.0,Exportar timing test,0.0,13,0,0.0001,2026-06-03T14:20:54Z,02-sem-cache — variação do experimento CI/CD,True,False,False,False,False,https://github.com/RafaelBarbosa12/ponderada-metricas/actions/runs/26891009858
26891009858,6,d40f15684e719e99eab21ef603fc0c5df365df7e,exp:02-sem-cache — variação do experimento CI/CD,completed,success,49.0,test,21.0,Post Setup Python,0.0,13,0,0.0001,2026-06-03T14:20:54Z,02-sem-cache — variação do experimento CI/CD,True,False,False,False,False,https://github.com/RafaelBarbosa12/ponderada-metricas/actions/runs/26891009858
26891009858,6,d40f15684e719e99eab21ef603fc0c5df365df7e,exp:02-sem-cache — variação do experimento CI/CD,completed,success,49.0,test,21.0,Post Run actions/checkout@v4,1.0,13,0,0.0001,2026-06-03T14:20:54Z,02-sem-cache — variação do experimento CI/CD,True,False,False,False,False,https://github.com/RafaelBarbosa12/ponderada-metricas/actions/runs/26891009858
26891009858,6,d40f15684e719e99eab21ef603fc0c5df365df7e,exp:02-sem-cache — variação do experimento CI/CD,completed,success,49.0,test,21.0,Complete job,0.0,13,0,0.0001,2026-06-03T14:20:54Z,02-sem-cache — variação do experimento CI/CD,True,False,False,False,False,https://github.com/RafaelBarbosa12/ponderada-metricas/actions/runs/26891009858
26891009858,6,d40f15684e719e99eab21ef603fc0c5df365df7e,exp:02-sem-cache — variação do experimento CI/CD,completed,success,49.0,collect-metrics,21.0,Set up job,1.0,13,0,0.0001,2026-06-03T14:20:54Z,02-sem-cache — variação do experimento CI/CD,True,False,False,False,False,https://github.com/RafaelBarbosa12/ponderada-metricas/actions/runs/26891009858
26891009858,6,d40f15684e719e99eab21ef603fc0c5df365df7e,exp:02-sem-cache — variação do experimento CI/CD,completed,success,49.0,collect-metrics,21.0,Run actions/checkout@v4,0.0,13,0,0.0001,2026-06-03T14:20:54Z,02-sem-cache — variação do experimento CI/CD,True,False,False,False,False,https://github.com/RafaelBarbosa12/ponderada-metricas/actions/runs/26891009858
26891009858,6,d40f15684e719e99eab21ef603fc0c5df365df7e,exp:02-sem-cache — variação do experimento CI/CD,completed,success,49.0,collect-metrics,21.0,Setup Python,1.0,13,0,0.0001,2026-06-03T14:20:54Z,02-sem-cache — variação do experimento CI/CD,True,False,False,False,False,https://github.com/RafaelBarbosa12/ponderada-metricas/actions/runs/26891009858
26891009858,6,d40f15684e719e99eab21ef603fc0c5df365df7e,exp:02-sem-cache — variação do experimento CI/CD,completed,success,49.0,collect-metrics,21.0,Carregar experiment-config.json,0.0,13,0,0.0001,2026-06-03T14:20:54Z,02-sem-cache — variação do experimento CI/CD,True,False,False,False,False,https://github.com/RafaelBarbosa12/ponderada-metricas/actions/runs/26891009858
26891009858,6,d40f15684e719e99eab21ef603fc0c5df365df7e,exp:02-sem-cache — variação do experimento CI/CD,completed,success,49.0,collect-metrics,21.0,Baixar artefato de testes,0.0,13,0,0.0001,2026-06-03T14:20:54Z,02-sem-cache — variação do experimento CI/CD,True,False,False,False,False,https://github.com/RafaelBarbosa12/ponderada-metricas/actions/runs/26891009858
26891009858,6,d40f15684e719e99eab21ef603fc0c5df365df7e,exp:02-sem-cache — variação do experimento CI/CD,completed,success,49.0,collect-metrics,21.0,Mensagem e variação do experimento,0.0,13,0,0.0001,2026-06-03T14:20:54Z,02-sem-cache — variação do experimento CI/CD,True,False,False,False,False,https://github.com/RafaelBarbosa12/ponderada-metricas/actions/runs/26891009858
26891009858,6,d40f15684e719e99eab21ef603fc0c5df365df7e,exp:02-sem-cache — variação do experimento CI/CD,completed,success,49.0,collect-metrics,21.0,Instalar dependências mínimas,14.0,13,0,0.0001,2026-06-03T14:20:54Z,02-sem-cache — variação do experimento CI/CD,True,False,False,False,False,https://github.com/RafaelBarbosa12/ponderada-metricas/actions/runs/26891009858
26891009858,6,d40f15684e719e99eab21ef603fc0c5df365df7e,exp:02-sem-cache — variação do experimento CI/CD,completed,success,49.0,collect-metrics,21.0,Calcular duração do workflow (aprox.),0.0,13,0,0.0001,2026-06-03T14:20:54Z,02-sem-cache — variação do experimento CI/CD,True,False,False,False,False,https://github.com/RafaelBarbosa12/ponderada-metricas/actions/runs/26891009858
26891009858,6,d40f15684e719e99eab21ef603fc0c5df365df7e,exp:02-sem-cache — variação do experimento CI/CD,completed,success,49.0,collect-metrics,21.0,Gravar métricas locais,0.0,13,0,0.0001,2026-06-03T14:20:54Z,02-sem-cache — variação do experimento CI/CD,True,False,False,False,False,https://github.com/RafaelBarbosa12/ponderada-metricas/actions/runs/26891009858
26891009858,6,d40f15684e719e99eab21ef603fc0c5df365df7e,exp:02-sem-cache — variação do experimento CI/CD,completed,success,49.0,collect-metrics,21.0,Anotar resultados dos jobs,0.0,13,0,0.0001,2026-06-03T14:20:54Z,02-sem-cache — variação do experimento CI/CD,True,False,False,False,False,https://github.com/RafaelBarbosa12/ponderada-metricas/actions/runs/26891009858
26891009858,6,d40f15684e719e99eab21ef603fc0c5df365df7e,exp:02-sem-cache — variação do experimento CI/CD,completed,success,49.0,collect-metrics,21.0,Upload métricas,1.0,13,0,0.0001,2026-06-03T14:20:54Z,02-sem-cache — variação do experimento CI/CD,True,False,False,False,False,https://github.com/RafaelBarbosa12/ponderada-metricas/actions/runs/26891009858
26891009858,6,d40f15684e719e99eab21ef603fc0c5df365df7e,exp:02-sem-cache — variação do experimento CI/CD,completed,success,49.0,collect-metrics,21.0,Resumo no job,0.0,13,0,0.0001,2026-06-03T14:20:54Z,02-sem-cache — variação do experimento CI/CD,True,False,False,False,False,https://github.com/RafaelBarbosa12/ponderada-metricas/actions/runs/26891009858
26891009858,6,d40f15684e719e99eab21ef603fc0c5df365df7e,exp:02-sem-cache — variação do experimento CI/CD,completed,success,49.0,collect-metrics,21.0,Post Setup Python,1.0,13,0,0.0001,2026-06-03T14:20:54Z,02-sem-cache — variação do experimento CI/CD,True,False,False,False,False,https://github.com/RafaelBarbosa12/ponderada-metricas/actions/runs/26891009858
26891009858,6,d40f15684e719e99eab21ef603fc0c5df365df7e,exp:02-sem-cache — variação do experimento CI/CD,completed,success,49.0,collect-metrics,21.0,Post Run actions/checkout@v4,0.0,13,0,0.0001,2026-06-03T14:20:54Z,02-sem-cache — variação do experimento CI/CD,True,False,False,False,False,https://github.com/RafaelBarbosa12/ponderada-metricas/actions/runs/26891009858
26891009858,6,d40f15684e719e99eab21ef603fc0c5df365df7e,exp:02-sem-cache — variação do experimento CI/CD,completed,success,49.0,collect-metrics,21.0,Complete job,0.0,13,0,0.0001,2026-06-03T14:20:54Z,02-sem-cache — variação do experimento CI/CD,True,False,False,False,False,https://github.com/RafaelBarbosa12/ponderada-metricas/actions/runs/26891009858
26891004909,5,141307808909172fdd6b22e366850030e9c74c35,exp:01-baseline-paralelo-cache — variação do experimento CI/CD,completed,success,60.0,lint,24.0,Set up job,1.0,13,0,0.0001,2026-06-03T14:20:49Z,01-baseline-paralelo-cache — variação do experimento CI/CD,True,True,False,False,False,https://github.com/RafaelBarbosa12/ponderada-metricas/actions/runs/26891004909
26891004909,5,141307808909172fdd6b22e366850030e9c74c35,exp:01-baseline-paralelo-cache — variação do experimento CI/CD,completed,success,60.0,lint,24.0,Run actions/checkout@v4,1.0,13,0,0.0001,2026-06-03T14:20:49Z,01-baseline-paralelo-cache — variação do experimento CI/CD,True,True,False,False,False,https://github.com/RafaelBarbosa12/ponderada-metricas/actions/runs/26891004909
26891004909,5,141307808909172fdd6b22e366850030e9c74c35,exp:01-baseline-paralelo-cache — variação do experimento CI/CD,completed,success,60.0,lint,24.0,Carregar experiment-config.json,0.0,13,0,0.0001,2026-06-03T14:20:49Z,01-baseline-paralelo-cache — variação do experimento CI/CD,True,True,False,False,False,https://github.com/RafaelBarbosa12/ponderada-metricas/actions/runs/26891004909
26891004909,5,141307808909172fdd6b22e366850030e9c74c35,exp:01-baseline-paralelo-cache — variação do experimento CI/CD,completed,success,60.0,lint,24.0,Setup Python,0.0,13,0,0.0001,2026-06-03T14:20:49Z,01-baseline-paralelo-cache — variação do experimento CI/CD,True,True,False,False,False,https://github.com/RafaelBarbosa12/ponderada-metricas/actions/runs/26891004909
26891004909,5,141307808909172fdd6b22e366850030e9c74c35,exp:01-baseline-paralelo-cache — variação do experimento CI/CD,completed,success,60.0,lint,24.0,Cache pip,3.0,13,0,0.0001,2026-06-03T14:20:49Z,01-baseline-paralelo-cache — variação do experimento CI/CD,True,True,False,False,False,https://github.com/RafaelBarbosa12/ponderada-metricas/actions/runs/26891004909
26891004909,5,141307808909172fdd6b22e366850030e9c74c35,exp:01-baseline-paralelo-cache — variação do experimento CI/CD,completed,success,60.0,lint,24.0,Instalar dependências,14.0,13,0,0.0001,2026-06-03T14:20:49Z,01-baseline-paralelo-cache — variação do experimento CI/CD,True,True,False,False,False,https://github.com/RafaelBarbosa12/ponderada-metricas/actions/runs/26891004909
26891004909,5,141307808909172fdd6b22e366850030e9c74c35,exp:01-baseline-paralelo-cache — variação do experimento CI/CD,completed,success,60.0,lint,24.0,Ruff (lint),0.0,13,0,0.0001,2026-06-03T14:20:49Z,01-baseline-paralelo-cache — variação do experimento CI/CD,True,True,False,False,False,https://github.com/RafaelBarbosa12/ponderada-metricas/actions/runs/26891004909
26891004909,5,141307808909172fdd6b22e366850030e9c74c35,exp:01-baseline-paralelo-cache — variação do experimento CI/CD,completed,success,60.0,lint,24.0,Exportar timing lint,0.0,13,0,0.0001,2026-06-03T14:20:49Z,01-baseline-paralelo-cache — variação do experimento CI/CD,True,True,False,False,False,https://github.com/RafaelBarbosa12/ponderada-metricas/actions/runs/26891004909
26891004909,5,141307808909172fdd6b22e366850030e9c74c35,exp:01-baseline-paralelo-cache — variação do experimento CI/CD,completed,success,60.0,lint,24.0,Post Cache pip,1.0,13,0,0.0001,2026-06-03T14:20:49Z,01-baseline-paralelo-cache — variação do experimento CI/CD,True,True,False,False,False,https://github.com/RafaelBarbosa12/ponderada-metricas/actions/runs/26891004909
26891004909,5,141307808909172fdd6b22e366850030e9c74c35,exp:01-baseline-paralelo-cache — variação do experimento CI/CD,completed,success,60.0,lint,24.0,Post Setup Python,0.0,13,0,0.0001,2026-06-03T14:20:49Z,01-baseline-paralelo-cache — variação do experimento CI/CD,True,True,False,False,False,https://github.com/RafaelBarbosa12/ponderada-metricas/actions/runs/26891004909
26891004909,5,141307808909172fdd6b22e366850030e9c74c35,exp:01-baseline-paralelo-cache — variação do experimento CI/CD,completed,success,60.0,lint,24.0,Post Run actions/checkout@v4,0.0,13,0,0.0001,2026-06-03T14:20:49Z,01-baseline-paralelo-cache — variação do experimento CI/CD,True,True,False,False,False,https://github.com/RafaelBarbosa12/ponderada-metricas/actions/runs/26891004909
26891004909,5,141307808909172fdd6b22e366850030e9c74c35,exp:01-baseline-paralelo-cache — variação do experimento CI/CD,completed,success,60.0,lint,24.0,Complete job,0.0,13,0,0.0001,2026-06-03T14:20:49Z,01-baseline-paralelo-cache — variação do experimento CI/CD,True,True,False,False,False,https://github.com/RafaelBarbosa12/ponderada-metricas/actions/runs/26891004909
26891004909,5,141307808909172fdd6b22e366850030e9c74c35,exp:01-baseline-paralelo-cache — variação do experimento CI/CD,completed,success,60.0,test,26.0,Set up job,1.0,13,0,0.0001,2026-06-03T14:20:49Z,01-baseline-paralelo-cache — variação do experimento CI/CD,True,True,False,False,False,https://github.com/RafaelBarbosa12/ponderada-metricas/actions/runs/26891004909
26891004909,5,141307808909172fdd6b22e366850030e9c74c35,exp:01-baseline-paralelo-cache — variação do experimento CI/CD,completed,success,60.0,test,26.0,Run actions/checkout@v4,1.0,13,0,0.0001,2026-06-03T14:20:49Z,01-baseline-paralelo-cache — variação do experimento CI/CD,True,True,False,False,False,https://github.com/RafaelBarbosa12/ponderada-metricas/actions/runs/26891004909
26891004909,5,141307808909172fdd6b22e366850030e9c74c35,exp:01-baseline-paralelo-cache — variação do experimento CI/CD,completed,success,60.0,test,26.0,Carregar experiment-config.json,0.0,13,0,0.0001,2026-06-03T14:20:49Z,01-baseline-paralelo-cache — variação do experimento CI/CD,True,True,False,False,False,https://github.com/RafaelBarbosa12/ponderada-metricas/actions/runs/26891004909
26891004909,5,141307808909172fdd6b22e366850030e9c74c35,exp:01-baseline-paralelo-cache — variação do experimento CI/CD,completed,success,60.0,test,26.0,Setup Python,0.0,13,0,0.0001,2026-06-03T14:20:49Z,01-baseline-paralelo-cache — variação do experimento CI/CD,True,True,False,False,False,https://github.com/RafaelBarbosa12/ponderada-metricas/actions/runs/26891004909
26891004909,5,141307808909172fdd6b22e366850030e9c74c35,exp:01-baseline-paralelo-cache — variação do experimento CI/CD,completed,success,60.0,test,26.0,Cache pip,3.0,13,0,0.0001,2026-06-03T14:20:49Z,01-baseline-paralelo-cache — variação do experimento CI/CD,True,True,False,False,False,https://github.com/RafaelBarbosa12/ponderada-metricas/actions/runs/26891004909
26891004909,5,141307808909172fdd6b22e366850030e9c74c35,exp:01-baseline-paralelo-cache — variação do experimento CI/CD,completed,success,60.0,test,26.0,Instalar dependências,14.0,13,0,0.0001,2026-06-03T14:20:49Z,01-baseline-paralelo-cache — variação do experimento CI/CD,True,True,False,False,False,https://github.com/RafaelBarbosa12/ponderada-metricas/actions/runs/26891004909
26891004909,5,141307808909172fdd6b22e366850030e9c74c35,exp:01-baseline-paralelo-cache — variação do experimento CI/CD,completed,success,60.0,test,26.0,Executar testes,0.0,13,0,0.0001,2026-06-03T14:20:49Z,01-baseline-paralelo-cache — variação do experimento CI/CD,True,True,False,False,False,https://github.com/RafaelBarbosa12/ponderada-metricas/actions/runs/26891004909
26891004909,5,141307808909172fdd6b22e366850030e9c74c35,exp:01-baseline-paralelo-cache — variação do experimento CI/CD,completed,success,60.0,test,26.0,Upload relatório de testes,1.0,13,0,0.0001,2026-06-03T14:20:49Z,01-baseline-paralelo-cache — variação do experimento CI/CD,True,True,False,False,False,https://github.com/RafaelBarbosa12/ponderada-metricas/actions/runs/26891004909
26891004909,5,141307808909172fdd6b22e366850030e9c74c35,exp:01-baseline-paralelo-cache — variação do experimento CI/CD,completed,success,60.0,test,26.0,Exportar timing test,0.0,13,0,0.0001,2026-06-03T14:20:49Z,01-baseline-paralelo-cache — variação do experimento CI/CD,True,True,False,False,False,https://github.com/RafaelBarbosa12/ponderada-metricas/actions/runs/26891004909
26891004909,5,141307808909172fdd6b22e366850030e9c74c35,exp:01-baseline-paralelo-cache — variação do experimento CI/CD,completed,success,60.0,test,26.0,Post Cache pip,1.0,13,0,0.0001,2026-06-03T14:20:49Z,01-baseline-paralelo-cache — variação do experimento CI/CD,True,True,False,False,False,https://github.com/RafaelBarbosa12/ponderada-metricas/actions/runs/26891004909
26891004909,5,141307808909172fdd6b22e366850030e9c74c35,exp:01-baseline-paralelo-cache — variação do experimento CI/CD,completed,success,60.0,test,26.0,Post Setup Python,0.0,13,0,0.0001,2026-06-03T14:20:49Z,01-baseline-paralelo-cache — variação do experimento CI/CD,True,True,False,False,False,https://github.com/RafaelBarbosa12/ponderada-metricas/actions/runs/26891004909
26891004909,5,141307808909172fdd6b22e366850030e9c74c35,exp:01-baseline-paralelo-cache — variação do experimento CI/CD,completed,success,60.0,test,26.0,Post Run actions/checkout@v4,0.0,13,0,0.0001,2026-06-03T14:20:49Z,01-baseline-paralelo-cache — variação do experimento CI/CD,True,True,False,False,False,https://github.com/RafaelBarbosa12/ponderada-metricas/actions/runs/26891004909
26891004909,5,141307808909172fdd6b22e366850030e9c74c35,exp:01-baseline-paralelo-cache — variação do experimento CI/CD,completed,success,60.0,test,26.0,Complete job,0.0,13,0,0.0001,2026-06-03T14:20:49Z,01-baseline-paralelo-cache — variação do experimento CI/CD,True,True,False,False,False,https://github.com/RafaelBarbosa12/ponderada-metricas/actions/runs/26891004909
26891004909,5,141307808909172fdd6b22e366850030e9c74c35,exp:01-baseline-paralelo-cache — variação do experimento CI/CD,completed,success,60.0,collect-metrics,25.0,Set up job,2.0,13,0,0.0001,2026-06-03T14:20:49Z,01-baseline-paralelo-cache — variação do experimento CI/CD,True,True,False,False,False,https://github.com/RafaelBarbosa12/ponderada-metricas/actions/runs/26891004909
26891004909,5,141307808909172fdd6b22e366850030e9c74c35,exp:01-baseline-paralelo-cache — variação do experimento CI/CD,completed,success,60.0,collect-metrics,25.0,Run actions/checkout@v4,1.0,13,0,0.0001,2026-06-03T14:20:49Z,01-baseline-paralelo-cache — variação do experimento CI/CD,True,True,False,False,False,https://github.com/RafaelBarbosa12/ponderada-metricas/actions/runs/26891004909
26891004909,5,141307808909172fdd6b22e366850030e9c74c35,exp:01-baseline-paralelo-cache — variação do experimento CI/CD,completed,success,60.0,collect-metrics,25.0,Setup Python,0.0,13,0,0.0001,2026-06-03T14:20:49Z,01-baseline-paralelo-cache — variação do experimento CI/CD,True,True,False,False,False,https://github.com/RafaelBarbosa12/ponderada-metricas/actions/runs/26891004909
26891004909,5,141307808909172fdd6b22e366850030e9c74c35,exp:01-baseline-paralelo-cache — variação do experimento CI/CD,completed,success,60.0,collect-metrics,25.0,Carregar experiment-config.json,0.0,13,0,0.0001,2026-06-03T14:20:49Z,01-baseline-paralelo-cache — variação do experimento CI/CD,True,True,False,False,False,https://github.com/RafaelBarbosa12/ponderada-metricas/actions/runs/26891004909
26891004909,5,141307808909172fdd6b22e366850030e9c74c35,exp:01-baseline-paralelo-cache — variação do experimento CI/CD,completed,success,60.0,collect-metrics,25.0,Baixar artefato de testes,2.0,13,0,0.0001,2026-06-03T14:20:49Z,01-baseline-paralelo-cache — variação do experimento CI/CD,True,True,False,False,False,https://github.com/RafaelBarbosa12/ponderada-metricas/actions/runs/26891004909
26891004909,5,141307808909172fdd6b22e366850030e9c74c35,exp:01-baseline-paralelo-cache — variação do experimento CI/CD,completed,success,60.0,collect-metrics,25.0,Mensagem e variação do experimento,0.0,13,0,0.0001,2026-06-03T14:20:49Z,01-baseline-paralelo-cache — variação do experimento CI/CD,True,True,False,False,False,https://github.com/RafaelBarbosa12/ponderada-metricas/actions/runs/26891004909
26891004909,5,141307808909172fdd6b22e366850030e9c74c35,exp:01-baseline-paralelo-cache — variação do experimento CI/CD,completed,success,60.0,collect-metrics,25.0,Instalar dependências mínimas,14.0,13,0,0.0001,2026-06-03T14:20:49Z,01-baseline-paralelo-cache — variação do experimento CI/CD,True,True,False,False,False,https://github.com/RafaelBarbosa12/ponderada-metricas/actions/runs/26891004909
26891004909,5,141307808909172fdd6b22e366850030e9c74c35,exp:01-baseline-paralelo-cache — variação do experimento CI/CD,completed,success,60.0,collect-metrics,25.0,Calcular duração do workflow (aprox.),0.0,13,0,0.0001,2026-06-03T14:20:49Z,01-baseline-paralelo-cache — variação do experimento CI/CD,True,True,False,False,False,https://github.com/RafaelBarbosa12/ponderada-metricas/actions/runs/26891004909
26891004909,5,141307808909172fdd6b22e366850030e9c74c35,exp:01-baseline-paralelo-cache — variação do experimento CI/CD,completed,success,60.0,collect-metrics,25.0,Gravar métricas locais,0.0,13,0,0.0001,2026-06-03T14:20:49Z,01-baseline-paralelo-cache — variação do experimento CI/CD,True,True,False,False,False,https://github.com/RafaelBarbosa12/ponderada-metricas/actions/runs/26891004909
26891004909,5,141307808909172fdd6b22e366850030e9c74c35,exp:01-baseline-paralelo-cache — variação do experimento CI/CD,completed,success,60.0,collect-metrics,25.0,Anotar resultados dos jobs,0.0,13,0,0.0001,2026-06-03T14:20:49Z,01-baseline-paralelo-cache — variação do experimento CI/CD,True,True,False,False,False,https://github.com/RafaelBarbosa12/ponderada-metricas/actions/runs/26891004909
26891004909,5,141307808909172fdd6b22e366850030e9c74c35,exp:01-baseline-paralelo-cache — variação do experimento CI/CD,completed,success,60.0,collect-metrics,25.0,Upload métricas,1.0,13,0,0.0001,2026-06-03T14:20:49Z,01-baseline-paralelo-cache — variação do experimento CI/CD,True,True,False,False,False,https://github.com/RafaelBarbosa12/ponderada-metricas/actions/runs/26891004909
26891004909,5,141307808909172fdd6b22e366850030e9c74c35,exp:01-baseline-paralelo-cache — variação do experimento CI/CD,completed,success,60.0,collect-metrics,25.0,Resumo no job,0.0,13,0,0.0001,2026-06-03T14:20:49Z,01-baseline-paralelo-cache — variação do experimento CI/CD,True,True,False,False,False,https://github.com/RafaelBarbosa12/ponderada-metricas/actions/runs/26891004909
26891004909,5,141307808909172fdd6b22e366850030e9c74c35,exp:01-baseline-paralelo-cache — variação do experimento CI/CD,completed,success,60.0,collect-metrics,25.0,Post Setup Python,0.0,13,0,0.0001,2026-06-03T14:20:49Z,01-baseline-paralelo-cache — variação do experimento CI/CD,True,True,False,False,False,https://github.com/RafaelBarbosa12/ponderada-metricas/actions/runs/26891004909
26891004909,5,141307808909172fdd6b22e366850030e9c74c35,exp:01-baseline-paralelo-cache — variação do experimento CI/CD,completed,success,60.0,collect-metrics,25.0,Post Run actions/checkout@v4,1.0,13,0,0.0001,2026-06-03T14:20:49Z,01-baseline-paralelo-cache — variação do experimento CI/CD,True,True,False,False,False,https://github.com/RafaelBarbosa12/ponderada-metricas/actions/runs/26891004909
26891004909,5,141307808909172fdd6b22e366850030e9c74c35,exp:01-baseline-paralelo-cache — variação do experimento CI/CD,completed,success,60.0,collect-metrics,25.0,Complete job,0.0,13,0,0.0001,2026-06-03T14:20:49Z,01-baseline-paralelo-cache — variação do experimento CI/CD,True,True,False,False,False,https://github.com/RafaelBarbosa12/ponderada-metricas/actions/runs/26891004909
26890759458,4,46f4e100f69c6d8feeef1802d4d8fd7e49c8034e,docs: entregaveis,completed,success,52.0,test,22.0,Set up job,1.0,13,0,0.0001,2026-06-03T14:16:46Z,push-default,True,True,False,False,False,https://github.com/RafaelBarbosa12/ponderada-metricas/actions/runs/26890759458
26890759458,4,46f4e100f69c6d8feeef1802d4d8fd7e49c8034e,docs: entregaveis,completed,success,52.0,test,22.0,Run actions/checkout@v4,1.0,13,0,0.0001,2026-06-03T14:16:46Z,push-default,True,True,False,False,False,https://github.com/RafaelBarbosa12/ponderada-metricas/actions/runs/26890759458
26890759458,4,46f4e100f69c6d8feeef1802d4d8fd7e49c8034e,docs: entregaveis,completed,success,52.0,test,22.0,Carregar experiment-config.json,0.0,13,0,0.0001,2026-06-03T14:16:46Z,push-default,True,True,False,False,False,https://github.com/RafaelBarbosa12/ponderada-metricas/actions/runs/26890759458
26890759458,4,46f4e100f69c6d8feeef1802d4d8fd7e49c8034e,docs: entregaveis,completed,success,52.0,test,22.0,Setup Python,0.0,13,0,0.0001,2026-06-03T14:16:46Z,push-default,True,True,False,False,False,https://github.com/RafaelBarbosa12/ponderada-metricas/actions/runs/26890759458
26890759458,4,46f4e100f69c6d8feeef1802d4d8fd7e49c8034e,docs: entregaveis,completed,success,52.0,test,22.0,Cache pip,1.0,13,0,0.0001,2026-06-03T14:16:46Z,push-default,True,True,False,False,False,https://github.com/RafaelBarbosa12/ponderada-metricas/actions/runs/26890759458
26890759458,4,46f4e100f69c6d8feeef1802d4d8fd7e49c8034e,docs: entregaveis,completed,success,52.0,test,22.0,Instalar dependências,15.0,13,0,0.0001,2026-06-03T14:16:46Z,push-default,True,True,False,False,False,https://github.com/RafaelBarbosa12/ponderada-metricas/actions/runs/26890759458
26890759458,4,46f4e100f69c6d8feeef1802d4d8fd7e49c8034e,docs: entregaveis,completed,success,52.0,test,22.0,Executar testes,1.0,13,0,0.0001,2026-06-03T14:16:46Z,push-default,True,True,False,False,False,https://github.com/RafaelBarbosa12/ponderada-metricas/actions/runs/26890759458
26890759458,4,46f4e100f69c6d8feeef1802d4d8fd7e49c8034e,docs: entregaveis,completed,success,52.0,test,22.0,Upload relatório de testes,0.0,13,0,0.0001,2026-06-03T14:16:46Z,push-default,True,True,False,False,False,https://github.com/RafaelBarbosa12/ponderada-metricas/actions/runs/26890759458
26890759458,4,46f4e100f69c6d8feeef1802d4d8fd7e49c8034e,docs: entregaveis,completed,success,52.0,test,22.0,Exportar timing test,0.0,13,0,0.0001,2026-06-03T14:16:46Z,push-default,True,True,False,False,False,https://github.com/RafaelBarbosa12/ponderada-metricas/actions/runs/26890759458
26890759458,4,46f4e100f69c6d8feeef1802d4d8fd7e49c8034e,docs: entregaveis,completed,success,52.0,test,22.0,Post Cache pip,1.0,13,0,0.0001,2026-06-03T14:16:46Z,push-default,True,True,False,False,False,https://github.com/RafaelBarbosa12/ponderada-metricas/actions/runs/26890759458
26890759458,4,46f4e100f69c6d8feeef1802d4d8fd7e49c8034e,docs: entregaveis,completed,success,52.0,test,22.0,Post Setup Python,0.0,13,0,0.0001,2026-06-03T14:16:46Z,push-default,True,True,False,False,False,https://github.com/RafaelBarbosa12/ponderada-metricas/actions/runs/26890759458
26890759458,4,46f4e100f69c6d8feeef1802d4d8fd7e49c8034e,docs: entregaveis,completed,success,52.0,test,22.0,Post Run actions/checkout@v4,0.0,13,0,0.0001,2026-06-03T14:16:46Z,push-default,True,True,False,False,False,https://github.com/RafaelBarbosa12/ponderada-metricas/actions/runs/26890759458
26890759458,4,46f4e100f69c6d8feeef1802d4d8fd7e49c8034e,docs: entregaveis,completed,success,52.0,test,22.0,Complete job,0.0,13,0,0.0001,2026-06-03T14:16:46Z,push-default,True,True,False,False,False,https://github.com/RafaelBarbosa12/ponderada-metricas/actions/runs/26890759458
26890759458,4,46f4e100f69c6d8feeef1802d4d8fd7e49c8034e,docs: entregaveis,completed,success,52.0,lint,21.0,Set up job,1.0,13,0,0.0001,2026-06-03T14:16:46Z,push-default,True,True,False,False,False,https://github.com/RafaelBarbosa12/ponderada-metricas/actions/runs/26890759458
26890759458,4,46f4e100f69c6d8feeef1802d4d8fd7e49c8034e,docs: entregaveis,completed,success,52.0,lint,21.0,Run actions/checkout@v4,1.0,13,0,0.0001,2026-06-03T14:16:46Z,push-default,True,True,False,False,False,https://github.com/RafaelBarbosa12/ponderada-metricas/actions/runs/26890759458
26890759458,4,46f4e100f69c6d8feeef1802d4d8fd7e49c8034e,docs: entregaveis,completed,success,52.0,lint,21.0,Carregar experiment-config.json,0.0,13,0,0.0001,2026-06-03T14:16:46Z,push-default,True,True,False,False,False,https://github.com/RafaelBarbosa12/ponderada-metricas/actions/runs/26890759458
26890759458,4,46f4e100f69c6d8feeef1802d4d8fd7e49c8034e,docs: entregaveis,completed,success,52.0,lint,21.0,Setup Python,0.0,13,0,0.0001,2026-06-03T14:16:46Z,push-default,True,True,False,False,False,https://github.com/RafaelBarbosa12/ponderada-metricas/actions/runs/26890759458
26890759458,4,46f4e100f69c6d8feeef1802d4d8fd7e49c8034e,docs: entregaveis,completed,success,52.0,lint,21.0,Cache pip,1.0,13,0,0.0001,2026-06-03T14:16:46Z,push-default,True,True,False,False,False,https://github.com/RafaelBarbosa12/ponderada-metricas/actions/runs/26890759458
26890759458,4,46f4e100f69c6d8feeef1802d4d8fd7e49c8034e,docs: entregaveis,completed,success,52.0,lint,21.0,Instalar dependências,15.0,13,0,0.0001,2026-06-03T14:16:46Z,push-default,True,True,False,False,False,https://github.com/RafaelBarbosa12/ponderada-metricas/actions/runs/26890759458
26890759458,4,46f4e100f69c6d8feeef1802d4d8fd7e49c8034e,docs: entregaveis,completed,success,52.0,lint,21.0,Ruff (lint),0.0,13,0,0.0001,2026-06-03T14:16:46Z,push-default,True,True,False,False,False,https://github.com/RafaelBarbosa12/ponderada-metricas/actions/runs/26890759458
26890759458,4,46f4e100f69c6d8feeef1802d4d8fd7e49c8034e,docs: entregaveis,completed,success,52.0,lint,21.0,Exportar timing lint,0.0,13,0,0.0001,2026-06-03T14:16:46Z,push-default,True,True,False,False,False,https://github.com/RafaelBarbosa12/ponderada-metricas/actions/runs/26890759458
26890759458,4,46f4e100f69c6d8feeef1802d4d8fd7e49c8034e,docs: entregaveis,completed,success,52.0,lint,21.0,Post Cache pip,0.0,13,0,0.0001,2026-06-03T14:16:46Z,push-default,True,True,False,False,False,https://github.com/RafaelBarbosa12/ponderada-metricas/actions/runs/26890759458
26890759458,4,46f4e100f69c6d8feeef1802d4d8fd7e49c8034e,docs: entregaveis,completed,success,52.0,lint,21.0,Post Setup Python,0.0,13,0,0.0001,2026-06-03T14:16:46Z,push-default,True,True,False,False,False,https://github.com/RafaelBarbosa12/ponderada-metricas/actions/runs/26890759458
26890759458,4,46f4e100f69c6d8feeef1802d4d8fd7e49c8034e,docs: entregaveis,completed,success,52.0,lint,21.0,Post Run actions/checkout@v4,0.0,13,0,0.0001,2026-06-03T14:16:46Z,push-default,True,True,False,False,False,https://github.com/RafaelBarbosa12/ponderada-metricas/actions/runs/26890759458
26890759458,4,46f4e100f69c6d8feeef1802d4d8fd7e49c8034e,docs: entregaveis,completed,success,52.0,lint,21.0,Complete job,0.0,13,0,0.0001,2026-06-03T14:16:46Z,push-default,True,True,False,False,False,https://github.com/RafaelBarbosa12/ponderada-metricas/actions/runs/26890759458
26890759458,4,46f4e100f69c6d8feeef1802d4d8fd7e49c8034e,docs: entregaveis,completed,success,52.0,collect-metrics,22.0,Set up job,1.0,13,0,0.0001,2026-06-03T14:16:46Z,push-default,True,True,False,False,False,https://github.com/RafaelBarbosa12/ponderada-metricas/actions/runs/26890759458
26890759458,4,46f4e100f69c6d8feeef1802d4d8fd7e49c8034e,docs: entregaveis,completed,success,52.0,collect-metrics,22.0,Run actions/checkout@v4,1.0,13,0,0.0001,2026-06-03T14:16:46Z,push-default,True,True,False,False,False,https://github.com/RafaelBarbosa12/ponderada-metricas/actions/runs/26890759458
26890759458,4,46f4e100f69c6d8feeef1802d4d8fd7e49c8034e,docs: entregaveis,completed,success,52.0,collect-metrics,22.0,Setup Python,0.0,13,0,0.0001,2026-06-03T14:16:46Z,push-default,True,True,False,False,False,https://github.com/RafaelBarbosa12/ponderada-metricas/actions/runs/26890759458
26890759458,4,46f4e100f69c6d8feeef1802d4d8fd7e49c8034e,docs: entregaveis,completed,success,52.0,collect-metrics,22.0,Carregar experiment-config.json,0.0,13,0,0.0001,2026-06-03T14:16:46Z,push-default,True,True,False,False,False,https://github.com/RafaelBarbosa12/ponderada-metricas/actions/runs/26890759458
26890759458,4,46f4e100f69c6d8feeef1802d4d8fd7e49c8034e,docs: entregaveis,completed,success,52.0,collect-metrics,22.0,Baixar artefato de testes,1.0,13,0,0.0001,2026-06-03T14:16:46Z,push-default,True,True,False,False,False,https://github.com/RafaelBarbosa12/ponderada-metricas/actions/runs/26890759458
26890759458,4,46f4e100f69c6d8feeef1802d4d8fd7e49c8034e,docs: entregaveis,completed,success,52.0,collect-metrics,22.0,Mensagem e variação do experimento,0.0,13,0,0.0001,2026-06-03T14:16:46Z,push-default,True,True,False,False,False,https://github.com/RafaelBarbosa12/ponderada-metricas/actions/runs/26890759458
26890759458,4,46f4e100f69c6d8feeef1802d4d8fd7e49c8034e,docs: entregaveis,completed,success,52.0,collect-metrics,22.0,Instalar dependências mínimas,15.0,13,0,0.0001,2026-06-03T14:16:46Z,push-default,True,True,False,False,False,https://github.com/RafaelBarbosa12/ponderada-metricas/actions/runs/26890759458
26890759458,4,46f4e100f69c6d8feeef1802d4d8fd7e49c8034e,docs: entregaveis,completed,success,52.0,collect-metrics,22.0,Calcular duração do workflow (aprox.),0.0,13,0,0.0001,2026-06-03T14:16:46Z,push-default,True,True,False,False,False,https://github.com/RafaelBarbosa12/ponderada-metricas/actions/runs/26890759458
26890759458,4,46f4e100f69c6d8feeef1802d4d8fd7e49c8034e,docs: entregaveis,completed,success,52.0,collect-metrics,22.0,Gravar métricas locais,0.0,13,0,0.0001,2026-06-03T14:16:46Z,push-default,True,True,False,False,False,https://github.com/RafaelBarbosa12/ponderada-metricas/actions/runs/26890759458
26890759458,4,46f4e100f69c6d8feeef1802d4d8fd7e49c8034e,docs: entregaveis,completed,success,52.0,collect-metrics,22.0,Anotar resultados dos jobs,0.0,13,0,0.0001,2026-06-03T14:16:46Z,push-default,True,True,False,False,False,https://github.com/RafaelBarbosa12/ponderada-metricas/actions/runs/26890759458
26890759458,4,46f4e100f69c6d8feeef1802d4d8fd7e49c8034e,docs: entregaveis,completed,success,52.0,collect-metrics,22.0,Upload métricas,1.0,13,0,0.0001,2026-06-03T14:16:46Z,push-default,True,True,False,False,False,https://github.com/RafaelBarbosa12/ponderada-metricas/actions/runs/26890759458
26890759458,4,46f4e100f69c6d8feeef1802d4d8fd7e49c8034e,docs: entregaveis,completed,success,52.0,collect-metrics,22.0,Resumo no job,0.0,13,0,0.0001,2026-06-03T14:16:46Z,push-default,True,True,False,False,False,https://github.com/RafaelBarbosa12/ponderada-metricas/actions/runs/26890759458
26890759458,4,46f4e100f69c6d8feeef1802d4d8fd7e49c8034e,docs: entregaveis,completed,success,52.0,collect-metrics,22.0,Post Setup Python,0.0,13,0,0.0001,2026-06-03T14:16:46Z,push-default,True,True,False,False,False,https://github.com/RafaelBarbosa12/ponderada-metricas/actions/runs/26890759458
26890759458,4,46f4e100f69c6d8feeef1802d4d8fd7e49c8034e,docs: entregaveis,completed,success,52.0,collect-metrics,22.0,Post Run actions/checkout@v4,0.0,13,0,0.0001,2026-06-03T14:16:46Z,push-default,True,True,False,False,False,https://github.com/RafaelBarbosa12/ponderada-metricas/actions/runs/26890759458
26890759458,4,46f4e100f69c6d8feeef1802d4d8fd7e49c8034e,docs: entregaveis,completed,success,52.0,collect-metrics,22.0,Complete job,0.0,13,0,0.0001,2026-06-03T14:16:46Z,push-default,True,True,False,False,False,https://github.com/RafaelBarbosa12/ponderada-metricas/actions/runs/26890759458
26890604422,3,9e36c6464b8a7db2aba109b0519b32c163b87e61,docs: adicionar entregaveis.md na raiz do repositório,completed,success,60.0,lint,25.0,Set up job,1.0,13,0,0.0001,2026-06-03T14:14:11Z,push-default,True,True,False,False,False,https://github.com/RafaelBarbosa12/ponderada-metricas/actions/runs/26890604422
26890604422,3,9e36c6464b8a7db2aba109b0519b32c163b87e61,docs: adicionar entregaveis.md na raiz do repositório,completed,success,60.0,lint,25.0,Run actions/checkout@v4,1.0,13,0,0.0001,2026-06-03T14:14:11Z,push-default,True,True,False,False,False,https://github.com/RafaelBarbosa12/ponderada-metricas/actions/runs/26890604422
26890604422,3,9e36c6464b8a7db2aba109b0519b32c163b87e61,docs: adicionar entregaveis.md na raiz do repositório,completed,success,60.0,lint,25.0,Carregar experiment-config.json,0.0,13,0,0.0001,2026-06-03T14:14:11Z,push-default,True,True,False,False,False,https://github.com/RafaelBarbosa12/ponderada-metricas/actions/runs/26890604422
26890604422,3,9e36c6464b8a7db2aba109b0519b32c163b87e61,docs: adicionar entregaveis.md na raiz do repositório,completed,success,60.0,lint,25.0,Setup Python,0.0,13,0,0.0001,2026-06-03T14:14:11Z,push-default,True,True,False,False,False,https://github.com/RafaelBarbosa12/ponderada-metricas/actions/runs/26890604422
26890604422,3,9e36c6464b8a7db2aba109b0519b32c163b87e61,docs: adicionar entregaveis.md na raiz do repositório,completed,success,60.0,lint,25.0,Cache pip,3.0,13,0,0.0001,2026-06-03T14:14:11Z,push-default,True,True,False,False,False,https://github.com/RafaelBarbosa12/ponderada-metricas/actions/runs/26890604422
26890604422,3,9e36c6464b8a7db2aba109b0519b32c163b87e61,docs: adicionar entregaveis.md na raiz do repositório,completed,success,60.0,lint,25.0,Instalar dependências,15.0,13,0,0.0001,2026-06-03T14:14:11Z,push-default,True,True,False,False,False,https://github.com/RafaelBarbosa12/ponderada-metricas/actions/runs/26890604422
26890604422,3,9e36c6464b8a7db2aba109b0519b32c163b87e61,docs: adicionar entregaveis.md na raiz do repositório,completed,success,60.0,lint,25.0,Ruff (lint),0.0,13,0,0.0001,2026-06-03T14:14:11Z,push-default,True,True,False,False,False,https://github.com/RafaelBarbosa12/ponderada-metricas/actions/runs/26890604422
26890604422,3,9e36c6464b8a7db2aba109b0519b32c163b87e61,docs: adicionar entregaveis.md na raiz do repositório,completed,success,60.0,lint,25.0,Exportar timing lint,0.0,13,0,0.0001,2026-06-03T14:14:11Z,push-default,True,True,False,False,False,https://github.com/RafaelBarbosa12/ponderada-metricas/actions/runs/26890604422
26890604422,3,9e36c6464b8a7db2aba109b0519b32c163b87e61,docs: adicionar entregaveis.md na raiz do repositório,completed,success,60.0,lint,25.0,Post Cache pip,0.0,13,0,0.0001,2026-06-03T14:14:11Z,push-default,True,True,False,False,False,https://github.com/RafaelBarbosa12/ponderada-metricas/actions/runs/26890604422
26890604422,3,9e36c6464b8a7db2aba109b0519b32c163b87e61,docs: adicionar entregaveis.md na raiz do repositório,completed,success,60.0,lint,25.0,Post Setup Python,0.0,13,0,0.0001,2026-06-03T14:14:11Z,push-default,True,True,False,False,False,https://github.com/RafaelBarbosa12/ponderada-metricas/actions/runs/26890604422
26890604422,3,9e36c6464b8a7db2aba109b0519b32c163b87e61,docs: adicionar entregaveis.md na raiz do repositório,completed,success,60.0,lint,25.0,Post Run actions/checkout@v4,0.0,13,0,0.0001,2026-06-03T14:14:11Z,push-default,True,True,False,False,False,https://github.com/RafaelBarbosa12/ponderada-metricas/actions/runs/26890604422
26890604422,3,9e36c6464b8a7db2aba109b0519b32c163b87e61,docs: adicionar entregaveis.md na raiz do repositório,completed,success,60.0,lint,25.0,Complete job,0.0,13,0,0.0001,2026-06-03T14:14:11Z,push-default,True,True,False,False,False,https://github.com/RafaelBarbosa12/ponderada-metricas/actions/runs/26890604422
26890604422,3,9e36c6464b8a7db2aba109b0519b32c163b87e61,docs: adicionar entregaveis.md na raiz do repositório,completed,success,60.0,test,22.0,Set up job,2.0,13,0,0.0001,2026-06-03T14:14:11Z,push-default,True,True,False,False,False,https://github.com/RafaelBarbosa12/ponderada-metricas/actions/runs/26890604422
26890604422,3,9e36c6464b8a7db2aba109b0519b32c163b87e61,docs: adicionar entregaveis.md na raiz do repositório,completed,success,60.0,test,22.0,Run actions/checkout@v4,0.0,13,0,0.0001,2026-06-03T14:14:11Z,push-default,True,True,False,False,False,https://github.com/RafaelBarbosa12/ponderada-metricas/actions/runs/26890604422
26890604422,3,9e36c6464b8a7db2aba109b0519b32c163b87e61,docs: adicionar entregaveis.md na raiz do repositório,completed,success,60.0,test,22.0,Carregar experiment-config.json,0.0,13,0,0.0001,2026-06-03T14:14:11Z,push-default,True,True,False,False,False,https://github.com/RafaelBarbosa12/ponderada-metricas/actions/runs/26890604422
26890604422,3,9e36c6464b8a7db2aba109b0519b32c163b87e61,docs: adicionar entregaveis.md na raiz do repositório,completed,success,60.0,test,22.0,Setup Python,1.0,13,0,0.0001,2026-06-03T14:14:11Z,push-default,True,True,False,False,False,https://github.com/RafaelBarbosa12/ponderada-metricas/actions/runs/26890604422
26890604422,3,9e36c6464b8a7db2aba109b0519b32c163b87e61,docs: adicionar entregaveis.md na raiz do repositório,completed,success,60.0,test,22.0,Cache pip,1.0,13,0,0.0001,2026-06-03T14:14:11Z,push-default,True,True,False,False,False,https://github.com/RafaelBarbosa12/ponderada-metricas/actions/runs/26890604422
26890604422,3,9e36c6464b8a7db2aba109b0519b32c163b87e61,docs: adicionar entregaveis.md na raiz do repositório,completed,success,60.0,test,22.0,Instalar dependências,14.0,13,0,0.0001,2026-06-03T14:14:11Z,push-default,True,True,False,False,False,https://github.com/RafaelBarbosa12/ponderada-metricas/actions/runs/26890604422
26890604422,3,9e36c6464b8a7db2aba109b0519b32c163b87e61,docs: adicionar entregaveis.md na raiz do repositório,completed,success,60.0,test,22.0,Executar testes,0.0,13,0,0.0001,2026-06-03T14:14:11Z,push-default,True,True,False,False,False,https://github.com/RafaelBarbosa12/ponderada-metricas/actions/runs/26890604422
26890604422,3,9e36c6464b8a7db2aba109b0519b32c163b87e61,docs: adicionar entregaveis.md na raiz do repositório,completed,success,60.0,test,22.0,Upload relatório de testes,1.0,13,0,0.0001,2026-06-03T14:14:11Z,push-default,True,True,False,False,False,https://github.com/RafaelBarbosa12/ponderada-metricas/actions/runs/26890604422
26890604422,3,9e36c6464b8a7db2aba109b0519b32c163b87e61,docs: adicionar entregaveis.md na raiz do repositório,completed,success,60.0,test,22.0,Exportar timing test,0.0,13,0,0.0001,2026-06-03T14:14:11Z,push-default,True,True,False,False,False,https://github.com/RafaelBarbosa12/ponderada-metricas/actions/runs/26890604422
26890604422,3,9e36c6464b8a7db2aba109b0519b32c163b87e61,docs: adicionar entregaveis.md na raiz do repositório,completed,success,60.0,test,22.0,Post Cache pip,0.0,13,0,0.0001,2026-06-03T14:14:11Z,push-default,True,True,False,False,False,https://github.com/RafaelBarbosa12/ponderada-metricas/actions/runs/26890604422
26890604422,3,9e36c6464b8a7db2aba109b0519b32c163b87e61,docs: adicionar entregaveis.md na raiz do repositório,completed,success,60.0,test,22.0,Post Setup Python,0.0,13,0,0.0001,2026-06-03T14:14:11Z,push-default,True,True,False,False,False,https://github.com/RafaelBarbosa12/ponderada-metricas/actions/runs/26890604422
26890604422,3,9e36c6464b8a7db2aba109b0519b32c163b87e61,docs: adicionar entregaveis.md na raiz do repositório,completed,success,60.0,test,22.0,Post Run actions/checkout@v4,1.0,13,0,0.0001,2026-06-03T14:14:11Z,push-default,True,True,False,False,False,https://github.com/RafaelBarbosa12/ponderada-metricas/actions/runs/26890604422
26890604422,3,9e36c6464b8a7db2aba109b0519b32c163b87e61,docs: adicionar entregaveis.md na raiz do repositório,completed,success,60.0,test,22.0,Complete job,0.0,13,0,0.0001,2026-06-03T14:14:11Z,push-default,True,True,False,False,False,https://github.com/RafaelBarbosa12/ponderada-metricas/actions/runs/26890604422
26890604422,3,9e36c6464b8a7db2aba109b0519b32c163b87e61,docs: adicionar entregaveis.md na raiz do repositório,completed,success,60.0,collect-metrics,25.0,Set up job,1.0,13,0,0.0001,2026-06-03T14:14:11Z,push-default,True,True,False,False,False,https://github.com/RafaelBarbosa12/ponderada-metricas/actions/runs/26890604422
26890604422,3,9e36c6464b8a7db2aba109b0519b32c163b87e61,docs: adicionar entregaveis.md na raiz do repositório,completed,success,60.0,collect-metrics,25.0,Run actions/checkout@v4,1.0,13,0,0.0001,2026-06-03T14:14:11Z,push-default,True,True,False,False,False,https://github.com/RafaelBarbosa12/ponderada-metricas/actions/runs/26890604422
26890604422,3,9e36c6464b8a7db2aba109b0519b32c163b87e61,docs: adicionar entregaveis.md na raiz do repositório,completed,success,60.0,collect-metrics,25.0,Setup Python,1.0,13,0,0.0001,2026-06-03T14:14:11Z,push-default,True,True,False,False,False,https://github.com/RafaelBarbosa12/ponderada-metricas/actions/runs/26890604422
26890604422,3,9e36c6464b8a7db2aba109b0519b32c163b87e61,docs: adicionar entregaveis.md na raiz do repositório,completed,success,60.0,collect-metrics,25.0,Carregar experiment-config.json,0.0,13,0,0.0001,2026-06-03T14:14:11Z,push-default,True,True,False,False,False,https://github.com/RafaelBarbosa12/ponderada-metricas/actions/runs/26890604422
26890604422,3,9e36c6464b8a7db2aba109b0519b32c163b87e61,docs: adicionar entregaveis.md na raiz do repositório,completed,success,60.0,collect-metrics,25.0,Baixar artefato de testes,1.0,13,0,0.0001,2026-06-03T14:14:11Z,push-default,True,True,False,False,False,https://github.com/RafaelBarbosa12/ponderada-metricas/actions/runs/26890604422
26890604422,3,9e36c6464b8a7db2aba109b0519b32c163b87e61,docs: adicionar entregaveis.md na raiz do repositório,completed,success,60.0,collect-metrics,25.0,Mensagem e variação do experimento,0.0,13,0,0.0001,2026-06-03T14:14:11Z,push-default,True,True,False,False,False,https://github.com/RafaelBarbosa12/ponderada-metricas/actions/runs/26890604422
26890604422,3,9e36c6464b8a7db2aba109b0519b32c163b87e61,docs: adicionar entregaveis.md na raiz do repositório,completed,success,60.0,collect-metrics,25.0,Instalar dependências mínimas,13.0,13,0,0.0001,2026-06-03T14:14:11Z,push-default,True,True,False,False,False,https://github.com/RafaelBarbosa12/ponderada-metricas/actions/runs/26890604422
26890604422,3,9e36c6464b8a7db2aba109b0519b32c163b87e61,docs: adicionar entregaveis.md na raiz do repositório,completed,success,60.0,collect-metrics,25.0,Calcular duração do workflow (aprox.),0.0,13,0,0.0001,2026-06-03T14:14:11Z,push-default,True,True,False,False,False,https://github.com/RafaelBarbosa12/ponderada-metricas/actions/runs/26890604422
26890604422,3,9e36c6464b8a7db2aba109b0519b32c163b87e61,docs: adicionar entregaveis.md na raiz do repositório,completed,success,60.0,collect-metrics,25.0,Gravar métricas locais,0.0,13,0,0.0001,2026-06-03T14:14:11Z,push-default,True,True,False,False,False,https://github.com/RafaelBarbosa12/ponderada-metricas/actions/runs/26890604422
26890604422,3,9e36c6464b8a7db2aba109b0519b32c163b87e61,docs: adicionar entregaveis.md na raiz do repositório,completed,success,60.0,collect-metrics,25.0,Anotar resultados dos jobs,0.0,13,0,0.0001,2026-06-03T14:14:11Z,push-default,True,True,False,False,False,https://github.com/RafaelBarbosa12/ponderada-metricas/actions/runs/26890604422
26890604422,3,9e36c6464b8a7db2aba109b0519b32c163b87e61,docs: adicionar entregaveis.md na raiz do repositório,completed,success,60.0,collect-metrics,25.0,Upload métricas,2.0,13,0,0.0001,2026-06-03T14:14:11Z,push-default,True,True,False,False,False,https://github.com/RafaelBarbosa12/ponderada-metricas/actions/runs/26890604422
26890604422,3,9e36c6464b8a7db2aba109b0519b32c163b87e61,docs: adicionar entregaveis.md na raiz do repositório,completed,success,60.0,collect-metrics,25.0,Resumo no job,0.0,13,0,0.0001,2026-06-03T14:14:11Z,push-default,True,True,False,False,False,https://github.com/RafaelBarbosa12/ponderada-metricas/actions/runs/26890604422
26890604422,3,9e36c6464b8a7db2aba109b0519b32c163b87e61,docs: adicionar entregaveis.md na raiz do repositório,completed,success,60.0,collect-metrics,25.0,Post Setup Python,0.0,13,0,0.0001,2026-06-03T14:14:11Z,push-default,True,True,False,False,False,https://github.com/RafaelBarbosa12/ponderada-metricas/actions/runs/26890604422
26890604422,3,9e36c6464b8a7db2aba109b0519b32c163b87e61,docs: adicionar entregaveis.md na raiz do repositório,completed,success,60.0,collect-metrics,25.0,Post Run actions/checkout@v4,0.0,13,0,0.0001,2026-06-03T14:14:11Z,push-default,True,True,False,False,False,https://github.com/RafaelBarbosa12/ponderada-metricas/actions/runs/26890604422
26890604422,3,9e36c6464b8a7db2aba109b0519b32c163b87e61,docs: adicionar entregaveis.md na raiz do repositório,completed,success,60.0,collect-metrics,25.0,Complete job,0.0,13,0,0.0001,2026-06-03T14:14:11Z,push-default,True,True,False,False,False,https://github.com/RafaelBarbosa12/ponderada-metricas/actions/runs/26890604422
26890426328,2,4b460c2317e09e5220f8528a133dc044c59b65c6,docs: relatório e pasta entregaveis para ponderada-metricas,completed,success,59.0,test,22.0,Set up job,1.0,13,0,0.0001,2026-06-03T14:11:07Z,push-default,True,True,False,False,False,https://github.com/RafaelBarbosa12/ponderada-metricas/actions/runs/26890426328
26890426328,2,4b460c2317e09e5220f8528a133dc044c59b65c6,docs: relatório e pasta entregaveis para ponderada-metricas,completed,success,59.0,test,22.0,Run actions/checkout@v4,1.0,13,0,0.0001,2026-06-03T14:11:07Z,push-default,True,True,False,False,False,https://github.com/RafaelBarbosa12/ponderada-metricas/actions/runs/26890426328
26890426328,2,4b460c2317e09e5220f8528a133dc044c59b65c6,docs: relatório e pasta entregaveis para ponderada-metricas,completed,success,59.0,test,22.0,Carregar experiment-config.json,0.0,13,0,0.0001,2026-06-03T14:11:07Z,push-default,True,True,False,False,False,https://github.com/RafaelBarbosa12/ponderada-metricas/actions/runs/26890426328
26890426328,2,4b460c2317e09e5220f8528a133dc044c59b65c6,docs: relatório e pasta entregaveis para ponderada-metricas,completed,success,59.0,test,22.0,Setup Python,0.0,13,0,0.0001,2026-06-03T14:11:07Z,push-default,True,True,False,False,False,https://github.com/RafaelBarbosa12/ponderada-metricas/actions/runs/26890426328
26890426328,2,4b460c2317e09e5220f8528a133dc044c59b65c6,docs: relatório e pasta entregaveis para ponderada-metricas,completed,success,59.0,test,22.0,Cache pip,2.0,13,0,0.0001,2026-06-03T14:11:07Z,push-default,True,True,False,False,False,https://github.com/RafaelBarbosa12/ponderada-metricas/actions/runs/26890426328
26890426328,2,4b460c2317e09e5220f8528a133dc044c59b65c6,docs: relatório e pasta entregaveis para ponderada-metricas,completed,success,59.0,test,22.0,Instalar dependências,14.0,13,0,0.0001,2026-06-03T14:11:07Z,push-default,True,True,False,False,False,https://github.com/RafaelBarbosa12/ponderada-metricas/actions/runs/26890426328
26890426328,2,4b460c2317e09e5220f8528a133dc044c59b65c6,docs: relatório e pasta entregaveis para ponderada-metricas,completed,success,59.0,test,22.0,Executar testes,1.0,13,0,0.0001,2026-06-03T14:11:07Z,push-default,True,True,False,False,False,https://github.com/RafaelBarbosa12/ponderada-metricas/actions/runs/26890426328
26890426328,2,4b460c2317e09e5220f8528a133dc044c59b65c6,docs: relatório e pasta entregaveis para ponderada-metricas,completed,success,59.0,test,22.0,Upload relatório de testes,1.0,13,0,0.0001,2026-06-03T14:11:07Z,push-default,True,True,False,False,False,https://github.com/RafaelBarbosa12/ponderada-metricas/actions/runs/26890426328
26890426328,2,4b460c2317e09e5220f8528a133dc044c59b65c6,docs: relatório e pasta entregaveis para ponderada-metricas,completed,success,59.0,test,22.0,Exportar timing test,0.0,13,0,0.0001,2026-06-03T14:11:07Z,push-default,True,True,False,False,False,https://github.com/RafaelBarbosa12/ponderada-metricas/actions/runs/26890426328
26890426328,2,4b460c2317e09e5220f8528a133dc044c59b65c6,docs: relatório e pasta entregaveis para ponderada-metricas,completed,success,59.0,test,22.0,Post Cache pip,0.0,13,0,0.0001,2026-06-03T14:11:07Z,push-default,True,True,False,False,False,https://github.com/RafaelBarbosa12/ponderada-metricas/actions/runs/26890426328
26890426328,2,4b460c2317e09e5220f8528a133dc044c59b65c6,docs: relatório e pasta entregaveis para ponderada-metricas,completed,success,59.0,test,22.0,Post Setup Python,0.0,13,0,0.0001,2026-06-03T14:11:07Z,push-default,True,True,False,False,False,https://github.com/RafaelBarbosa12/ponderada-metricas/actions/runs/26890426328
26890426328,2,4b460c2317e09e5220f8528a133dc044c59b65c6,docs: relatório e pasta entregaveis para ponderada-metricas,completed,success,59.0,test,22.0,Post Run actions/checkout@v4,0.0,13,0,0.0001,2026-06-03T14:11:07Z,push-default,True,True,False,False,False,https://github.com/RafaelBarbosa12/ponderada-metricas/actions/runs/26890426328
26890426328,2,4b460c2317e09e5220f8528a133dc044c59b65c6,docs: relatório e pasta entregaveis para ponderada-metricas,completed,success,59.0,test,22.0,Complete job,0.0,13,0,0.0001,2026-06-03T14:11:07Z,push-default,True,True,False,False,False,https://github.com/RafaelBarbosa12/ponderada-metricas/actions/runs/26890426328
26890426328,2,4b460c2317e09e5220f8528a133dc044c59b65c6,docs: relatório e pasta entregaveis para ponderada-metricas,completed,success,59.0,lint,21.0,Set up job,1.0,13,0,0.0001,2026-06-03T14:11:07Z,push-default,True,True,False,False,False,https://github.com/RafaelBarbosa12/ponderada-metricas/actions/runs/26890426328
26890426328,2,4b460c2317e09e5220f8528a133dc044c59b65c6,docs: relatório e pasta entregaveis para ponderada-metricas,completed,success,59.0,lint,21.0,Run actions/checkout@v4,1.0,13,0,0.0001,2026-06-03T14:11:07Z,push-default,True,True,False,False,False,https://github.com/RafaelBarbosa12/ponderada-metricas/actions/runs/26890426328
26890426328,2,4b460c2317e09e5220f8528a133dc044c59b65c6,docs: relatório e pasta entregaveis para ponderada-metricas,completed,success,59.0,lint,21.0,Carregar experiment-config.json,0.0,13,0,0.0001,2026-06-03T14:11:07Z,push-default,True,True,False,False,False,https://github.com/RafaelBarbosa12/ponderada-metricas/actions/runs/26890426328
26890426328,2,4b460c2317e09e5220f8528a133dc044c59b65c6,docs: relatório e pasta entregaveis para ponderada-metricas,completed,success,59.0,lint,21.0,Setup Python,0.0,13,0,0.0001,2026-06-03T14:11:07Z,push-default,True,True,False,False,False,https://github.com/RafaelBarbosa12/ponderada-metricas/actions/runs/26890426328
26890426328,2,4b460c2317e09e5220f8528a133dc044c59b65c6,docs: relatório e pasta entregaveis para ponderada-metricas,completed,success,59.0,lint,21.0,Cache pip,1.0,13,0,0.0001,2026-06-03T14:11:07Z,push-default,True,True,False,False,False,https://github.com/RafaelBarbosa12/ponderada-metricas/actions/runs/26890426328
26890426328,2,4b460c2317e09e5220f8528a133dc044c59b65c6,docs: relatório e pasta entregaveis para ponderada-metricas,completed,success,59.0,lint,21.0,Instalar dependências,15.0,13,0,0.0001,2026-06-03T14:11:07Z,push-default,True,True,False,False,False,https://github.com/RafaelBarbosa12/ponderada-metricas/actions/runs/26890426328
26890426328,2,4b460c2317e09e5220f8528a133dc044c59b65c6,docs: relatório e pasta entregaveis para ponderada-metricas,completed,success,59.0,lint,21.0,Ruff (lint),0.0,13,0,0.0001,2026-06-03T14:11:07Z,push-default,True,True,False,False,False,https://github.com/RafaelBarbosa12/ponderada-metricas/actions/runs/26890426328
26890426328,2,4b460c2317e09e5220f8528a133dc044c59b65c6,docs: relatório e pasta entregaveis para ponderada-metricas,completed,success,59.0,lint,21.0,Exportar timing lint,0.0,13,0,0.0001,2026-06-03T14:11:07Z,push-default,True,True,False,False,False,https://github.com/RafaelBarbosa12/ponderada-metricas/actions/runs/26890426328
26890426328,2,4b460c2317e09e5220f8528a133dc044c59b65c6,docs: relatório e pasta entregaveis para ponderada-metricas,completed,success,59.0,lint,21.0,Post Cache pip,0.0,13,0,0.0001,2026-06-03T14:11:07Z,push-default,True,True,False,False,False,https://github.com/RafaelBarbosa12/ponderada-metricas/actions/runs/26890426328
26890426328,2,4b460c2317e09e5220f8528a133dc044c59b65c6,docs: relatório e pasta entregaveis para ponderada-metricas,completed,success,59.0,lint,21.0,Post Setup Python,0.0,13,0,0.0001,2026-06-03T14:11:07Z,push-default,True,True,False,False,False,https://github.com/RafaelBarbosa12/ponderada-metricas/actions/runs/26890426328
26890426328,2,4b460c2317e09e5220f8528a133dc044c59b65c6,docs: relatório e pasta entregaveis para ponderada-metricas,completed,success,59.0,lint,21.0,Post Run actions/checkout@v4,1.0,13,0,0.0001,2026-06-03T14:11:07Z,push-default,True,True,False,False,False,https://github.com/RafaelBarbosa12/ponderada-metricas/actions/runs/26890426328
26890426328,2,4b460c2317e09e5220f8528a133dc044c59b65c6,docs: relatório e pasta entregaveis para ponderada-metricas,completed,success,59.0,lint,21.0,Complete job,0.0,13,0,0.0001,2026-06-03T14:11:07Z,push-default,True,True,False,False,False,https://github.com/RafaelBarbosa12/ponderada-metricas/actions/runs/26890426328
26890426328,2,4b460c2317e09e5220f8528a133dc044c59b65c6,docs: relatório e pasta entregaveis para ponderada-metricas,completed,success,59.0,collect-metrics,26.0,Set up job,2.0,13,0,0.0001,2026-06-03T14:11:07Z,push-default,True,True,False,False,False,https://github.com/RafaelBarbosa12/ponderada-metricas/actions/runs/26890426328
26890426328,2,4b460c2317e09e5220f8528a133dc044c59b65c6,docs: relatório e pasta entregaveis para ponderada-metricas,completed,success,59.0,collect-metrics,26.0,Run actions/checkout@v4,1.0,13,0,0.0001,2026-06-03T14:11:07Z,push-default,True,True,False,False,False,https://github.com/RafaelBarbosa12/ponderada-metricas/actions/runs/26890426328
26890426328,2,4b460c2317e09e5220f8528a133dc044c59b65c6,docs: relatório e pasta entregaveis para ponderada-metricas,completed,success,59.0,collect-metrics,26.0,Setup Python,0.0,13,0,0.0001,2026-06-03T14:11:07Z,push-default,True,True,False,False,False,https://github.com/RafaelBarbosa12/ponderada-metricas/actions/runs/26890426328
26890426328,2,4b460c2317e09e5220f8528a133dc044c59b65c6,docs: relatório e pasta entregaveis para ponderada-metricas,completed,success,59.0,collect-metrics,26.0,Carregar experiment-config.json,0.0,13,0,0.0001,2026-06-03T14:11:07Z,push-default,True,True,False,False,False,https://github.com/RafaelBarbosa12/ponderada-metricas/actions/runs/26890426328
26890426328,2,4b460c2317e09e5220f8528a133dc044c59b65c6,docs: relatório e pasta entregaveis para ponderada-metricas,completed,success,59.0,collect-metrics,26.0,Baixar artefato de testes,2.0,13,0,0.0001,2026-06-03T14:11:07Z,push-default,True,True,False,False,False,https://github.com/RafaelBarbosa12/ponderada-metricas/actions/runs/26890426328
26890426328,2,4b460c2317e09e5220f8528a133dc044c59b65c6,docs: relatório e pasta entregaveis para ponderada-metricas,completed,success,59.0,collect-metrics,26.0,Mensagem e variação do experimento,0.0,13,0,0.0001,2026-06-03T14:11:07Z,push-default,True,True,False,False,False,https://github.com/RafaelBarbosa12/ponderada-metricas/actions/runs/26890426328
26890426328,2,4b460c2317e09e5220f8528a133dc044c59b65c6,docs: relatório e pasta entregaveis para ponderada-metricas,completed,success,59.0,collect-metrics,26.0,Instalar dependências mínimas,13.0,13,0,0.0001,2026-06-03T14:11:07Z,push-default,True,True,False,False,False,https://github.com/RafaelBarbosa12/ponderada-metricas/actions/runs/26890426328
26890426328,2,4b460c2317e09e5220f8528a133dc044c59b65c6,docs: relatório e pasta entregaveis para ponderada-metricas,completed,success,59.0,collect-metrics,26.0,Calcular duração do workflow (aprox.),0.0,13,0,0.0001,2026-06-03T14:11:07Z,push-default,True,True,False,False,False,https://github.com/RafaelBarbosa12/ponderada-metricas/actions/runs/26890426328
26890426328,2,4b460c2317e09e5220f8528a133dc044c59b65c6,docs: relatório e pasta entregaveis para ponderada-metricas,completed,success,59.0,collect-metrics,26.0,Gravar métricas locais,0.0,13,0,0.0001,2026-06-03T14:11:07Z,push-default,True,True,False,False,False,https://github.com/RafaelBarbosa12/ponderada-metricas/actions/runs/26890426328
26890426328,2,4b460c2317e09e5220f8528a133dc044c59b65c6,docs: relatório e pasta entregaveis para ponderada-metricas,completed,success,59.0,collect-metrics,26.0,Anotar resultados dos jobs,0.0,13,0,0.0001,2026-06-03T14:11:07Z,push-default,True,True,False,False,False,https://github.com/RafaelBarbosa12/ponderada-metricas/actions/runs/26890426328
26890426328,2,4b460c2317e09e5220f8528a133dc044c59b65c6,docs: relatório e pasta entregaveis para ponderada-metricas,completed,success,59.0,collect-metrics,26.0,Upload métricas,2.0,13,0,0.0001,2026-06-03T14:11:07Z,push-default,True,True,False,False,False,https://github.com/RafaelBarbosa12/ponderada-metricas/actions/runs/26890426328
26890426328,2,4b460c2317e09e5220f8528a133dc044c59b65c6,docs: relatório e pasta entregaveis para ponderada-metricas,completed,success,59.0,collect-metrics,26.0,Resumo no job,0.0,13,0,0.0001,2026-06-03T14:11:07Z,push-default,True,True,False,False,False,https://github.com/RafaelBarbosa12/ponderada-metricas/actions/runs/26890426328
26890426328,2,4b460c2317e09e5220f8528a133dc044c59b65c6,docs: relatório e pasta entregaveis para ponderada-metricas,completed,success,59.0,collect-metrics,26.0,Post Setup Python,0.0,13,0,0.0001,2026-06-03T14:11:07Z,push-default,True,True,False,False,False,https://github.com/RafaelBarbosa12/ponderada-metricas/actions/runs/26890426328
26890426328,2,4b460c2317e09e5220f8528a133dc044c59b65c6,docs: relatório e pasta entregaveis para ponderada-metricas,completed,success,59.0,collect-metrics,26.0,Post Run actions/checkout@v4,0.0,13,0,0.0001,2026-06-03T14:11:07Z,push-default,True,True,False,False,False,https://github.com/RafaelBarbosa12/ponderada-metricas/actions/runs/26890426328
26890426328,2,4b460c2317e09e5220f8528a133dc044c59b65c6,docs: relatório e pasta entregaveis para ponderada-metricas,completed,success,59.0,collect-metrics,26.0,Complete job,0.0,13,0,0.0001,2026-06-03T14:11:07Z,push-default,True,True,False,False,False,https://github.com/RafaelBarbosa12/ponderada-metricas/actions/runs/26890426328
26889954640,1,e8b43b9540267f868461c19987f93ecf46fa307d,"docs: entrega final da ponderada — métricas, gráficos e relatório",completed,success,236.0,test,25.0,Set up job,1.0,13,0,0.0001,2026-06-03T14:03:02Z,push-default,True,True,False,False,False,https://github.com/RafaelBarbosa12/ponderada-metricas/actions/runs/26889954640
26889954640,1,e8b43b9540267f868461c19987f93ecf46fa307d,"docs: entrega final da ponderada — métricas, gráficos e relatório",completed,success,236.0,test,25.0,Run actions/checkout@v4,1.0,13,0,0.0001,2026-06-03T14:03:02Z,push-default,True,True,False,False,False,https://github.com/RafaelBarbosa12/ponderada-metricas/actions/runs/26889954640
26889954640,1,e8b43b9540267f868461c19987f93ecf46fa307d,"docs: entrega final da ponderada — métricas, gráficos e relatório",completed,success,236.0,test,25.0,Carregar experiment-config.json,0.0,13,0,0.0001,2026-06-03T14:03:02Z,push-default,True,True,False,False,False,https://github.com/RafaelBarbosa12/ponderada-metricas/actions/runs/26889954640
26889954640,1,e8b43b9540267f868461c19987f93ecf46fa307d,"docs: entrega final da ponderada — métricas, gráficos e relatório",completed,success,236.0,test,25.0,Setup Python,0.0,13,0,0.0001,2026-06-03T14:03:02Z,push-default,True,True,False,False,False,https://github.com/RafaelBarbosa12/ponderada-metricas/actions/runs/26889954640
26889954640,1,e8b43b9540267f868461c19987f93ecf46fa307d,"docs: entrega final da ponderada — métricas, gráficos e relatório",completed,success,236.0,test,25.0,Cache pip,1.0,13,0,0.0001,2026-06-03T14:03:02Z,push-default,True,True,False,False,False,https://github.com/RafaelBarbosa12/ponderada-metricas/actions/runs/26889954640
26889954640,1,e8b43b9540267f868461c19987f93ecf46fa307d,"docs: entrega final da ponderada — métricas, gráficos e relatório",completed,success,236.0,test,25.0,Instalar dependências,17.0,13,0,0.0001,2026-06-03T14:03:02Z,push-default,True,True,False,False,False,https://github.com/RafaelBarbosa12/ponderada-metricas/actions/runs/26889954640
26889954640,1,e8b43b9540267f868461c19987f93ecf46fa307d,"docs: entrega final da ponderada — métricas, gráficos e relatório",completed,success,236.0,test,25.0,Executar testes,0.0,13,0,0.0001,2026-06-03T14:03:02Z,push-default,True,True,False,False,False,https://github.com/RafaelBarbosa12/ponderada-metricas/actions/runs/26889954640
26889954640,1,e8b43b9540267f868461c19987f93ecf46fa307d,"docs: entrega final da ponderada — métricas, gráficos e relatório",completed,success,236.0,test,25.0,Upload relatório de testes,1.0,13,0,0.0001,2026-06-03T14:03:02Z,push-default,True,True,False,False,False,https://github.com/RafaelBarbosa12/ponderada-metricas/actions/runs/26889954640
26889954640,1,e8b43b9540267f868461c19987f93ecf46fa307d,"docs: entrega final da ponderada — métricas, gráficos e relatório",completed,success,236.0,test,25.0,Exportar timing test,0.0,13,0,0.0001,2026-06-03T14:03:02Z,push-default,True,True,False,False,False,https://github.com/RafaelBarbosa12/ponderada-metricas/actions/runs/26889954640
26889954640,1,e8b43b9540267f868461c19987f93ecf46fa307d,"docs: entrega final da ponderada — métricas, gráficos e relatório",completed,success,236.0,test,25.0,Post Cache pip,1.0,13,0,0.0001,2026-06-03T14:03:02Z,push-default,True,True,False,False,False,https://github.com/RafaelBarbosa12/ponderada-metricas/actions/runs/26889954640
26889954640,1,e8b43b9540267f868461c19987f93ecf46fa307d,"docs: entrega final da ponderada — métricas, gráficos e relatório",completed,success,236.0,test,25.0,Post Setup Python,0.0,13,0,0.0001,2026-06-03T14:03:02Z,push-default,True,True,False,False,False,https://github.com/RafaelBarbosa12/ponderada-metricas/actions/runs/26889954640
26889954640,1,e8b43b9540267f868461c19987f93ecf46fa307d,"docs: entrega final da ponderada — métricas, gráficos e relatório",completed,success,236.0,test,25.0,Post Run actions/checkout@v4,0.0,13,0,0.0001,2026-06-03T14:03:02Z,push-default,True,True,False,False,False,https://github.com/RafaelBarbosa12/ponderada-metricas/actions/runs/26889954640
26889954640,1,e8b43b9540267f868461c19987f93ecf46fa307d,"docs: entrega final da ponderada — métricas, gráficos e relatório",completed,success,236.0,test,25.0,Complete job,0.0,13,0,0.0001,2026-06-03T14:03:02Z,push-default,True,True,False,False,False,https://github.com/RafaelBarbosa12/ponderada-metricas/actions/runs/26889954640
26889954640,1,e8b43b9540267f868461c19987f93ecf46fa307d,"docs: entrega final da ponderada — métricas, gráficos e relatório",completed,success,236.0,lint,22.0,Set up job,1.0,13,0,0.0001,2026-06-03T14:03:02Z,push-default,True,True,False,False,False,https://github.com/RafaelBarbosa12/ponderada-metricas/actions/runs/26889954640
26889954640,1,e8b43b9540267f868461c19987f93ecf46fa307d,"docs: entrega final da ponderada — métricas, gráficos e relatório",completed,success,236.0,lint,22.0,Run actions/checkout@v4,1.0,13,0,0.0001,2026-06-03T14:03:02Z,push-default,True,True,False,False,False,https://github.com/RafaelBarbosa12/ponderada-metricas/actions/runs/26889954640
26889954640,1,e8b43b9540267f868461c19987f93ecf46fa307d,"docs: entrega final da ponderada — métricas, gráficos e relatório",completed,success,236.0,lint,22.0,Carregar experiment-config.json,0.0,13,0,0.0001,2026-06-03T14:03:02Z,push-default,True,True,False,False,False,https://github.com/RafaelBarbosa12/ponderada-metricas/actions/runs/26889954640
26889954640,1,e8b43b9540267f868461c19987f93ecf46fa307d,"docs: entrega final da ponderada — métricas, gráficos e relatório",completed,success,236.0,lint,22.0,Setup Python,0.0,13,0,0.0001,2026-06-03T14:03:02Z,push-default,True,True,False,False,False,https://github.com/RafaelBarbosa12/ponderada-metricas/actions/runs/26889954640
26889954640,1,e8b43b9540267f868461c19987f93ecf46fa307d,"docs: entrega final da ponderada — métricas, gráficos e relatório",completed,success,236.0,lint,22.0,Cache pip,1.0,13,0,0.0001,2026-06-03T14:03:02Z,push-default,True,True,False,False,False,https://github.com/RafaelBarbosa12/ponderada-metricas/actions/runs/26889954640
26889954640,1,e8b43b9540267f868461c19987f93ecf46fa307d,"docs: entrega final da ponderada — métricas, gráficos e relatório",completed,success,236.0,lint,22.0,Instalar dependências,15.0,13,0,0.0001,2026-06-03T14:03:02Z,push-default,True,True,False,False,False,https://github.com/RafaelBarbosa12/ponderada-metricas/actions/runs/26889954640
26889954640,1,e8b43b9540267f868461c19987f93ecf46fa307d,"docs: entrega final da ponderada — métricas, gráficos e relatório",completed,success,236.0,lint,22.0,Ruff (lint),0.0,13,0,0.0001,2026-06-03T14:03:02Z,push-default,True,True,False,False,False,https://github.com/RafaelBarbosa12/ponderada-metricas/actions/runs/26889954640
26889954640,1,e8b43b9540267f868461c19987f93ecf46fa307d,"docs: entrega final da ponderada — métricas, gráficos e relatório",completed,success,236.0,lint,22.0,Exportar timing lint,0.0,13,0,0.0001,2026-06-03T14:03:02Z,push-default,True,True,False,False,False,https://github.com/RafaelBarbosa12/ponderada-metricas/actions/runs/26889954640
26889954640,1,e8b43b9540267f868461c19987f93ecf46fa307d,"docs: entrega final da ponderada — métricas, gráficos e relatório",completed,success,236.0,lint,22.0,Post Cache pip,2.0,13,0,0.0001,2026-06-03T14:03:02Z,push-default,True,True,False,False,False,https://github.com/RafaelBarbosa12/ponderada-metricas/actions/runs/26889954640
26889954640,1,e8b43b9540267f868461c19987f93ecf46fa307d,"docs: entrega final da ponderada — métricas, gráficos e relatório",completed,success,236.0,lint,22.0,Post Setup Python,1.0,13,0,0.0001,2026-06-03T14:03:02Z,push-default,True,True,False,False,False,https://github.com/RafaelBarbosa12/ponderada-metricas/actions/runs/26889954640
26889954640,1,e8b43b9540267f868461c19987f93ecf46fa307d,"docs: entrega final da ponderada — métricas, gráficos e relatório",completed,success,236.0,lint,22.0,Post Run actions/checkout@v4,0.0,13,0,0.0001,2026-06-03T14:03:02Z,push-default,True,True,False,False,False,https://github.com/RafaelBarbosa12/ponderada-metricas/actions/runs/26889954640
26889954640,1,e8b43b9540267f868461c19987f93ecf46fa307d,"docs: entrega final da ponderada — métricas, gráficos e relatório",completed,success,236.0,lint,22.0,Complete job,0.0,13,0,0.0001,2026-06-03T14:03:02Z,push-default,True,True,False,False,False,https://github.com/RafaelBarbosa12/ponderada-metricas/actions/runs/26889954640
26889954640,1,e8b43b9540267f868461c19987f93ecf46fa307d,"docs: entrega final da ponderada — métricas, gráficos e relatório",completed,success,236.0,collect-metrics,203.0,Set up job,2.0,13,0,0.0001,2026-06-03T14:03:02Z,push-default,True,True,False,False,False,https://github.com/RafaelBarbosa12/ponderada-metricas/actions/runs/26889954640
26889954640,1,e8b43b9540267f868461c19987f93ecf46fa307d,"docs: entrega final da ponderada — métricas, gráficos e relatório",completed,success,236.0,collect-metrics,203.0,Run actions/checkout@v4,0.0,13,0,0.0001,2026-06-03T14:03:02Z,push-default,True,True,False,False,False,https://github.com/RafaelBarbosa12/ponderada-metricas/actions/runs/26889954640
26889954640,1,e8b43b9540267f868461c19987f93ecf46fa307d,"docs: entrega final da ponderada — métricas, gráficos e relatório",completed,success,236.0,collect-metrics,203.0,Setup Python,1.0,13,0,0.0001,2026-06-03T14:03:02Z,push-default,True,True,False,False,False,https://github.com/RafaelBarbosa12/ponderada-metricas/actions/runs/26889954640
26889954640,1,e8b43b9540267f868461c19987f93ecf46fa307d,"docs: entrega final da ponderada — métricas, gráficos e relatório",completed,success,236.0,collect-metrics,203.0,Carregar experiment-config.json,0.0,13,0,0.0001,2026-06-03T14:03:02Z,push-default,True,True,False,False,False,https://github.com/RafaelBarbosa12/ponderada-metricas/actions/runs/26889954640
26889954640,1,e8b43b9540267f868461c19987f93ecf46fa307d,"docs: entrega final da ponderada — métricas, gráficos e relatório",completed,success,236.0,collect-metrics,203.0,Baixar artefato de testes,181.0,13,0,0.0001,2026-06-03T14:03:02Z,push-default,True,True,False,False,False,https://github.com/RafaelBarbosa12/ponderada-metricas/actions/runs/26889954640
26889954640,1,e8b43b9540267f868461c19987f93ecf46fa307d,"docs: entrega final da ponderada — métricas, gráficos e relatório",completed,success,236.0,collect-metrics,203.0,Mensagem e variação do experimento,0.0,13,0,0.0001,2026-06-03T14:03:02Z,push-default,True,True,False,False,False,https://github.com/RafaelBarbosa12/ponderada-metricas/actions/runs/26889954640
26889954640,1,e8b43b9540267f868461c19987f93ecf46fa307d,"docs: entrega final da ponderada — métricas, gráficos e relatório",completed,success,236.0,collect-metrics,203.0,Instalar dependências mínimas,15.0,13,0,0.0001,2026-06-03T14:03:02Z,push-default,True,True,False,False,False,https://github.com/RafaelBarbosa12/ponderada-metricas/actions/runs/26889954640
26889954640,1,e8b43b9540267f868461c19987f93ecf46fa307d,"docs: entrega final da ponderada — métricas, gráficos e relatório",completed,success,236.0,collect-metrics,203.0,Calcular duração do workflow (aprox.),0.0,13,0,0.0001,2026-06-03T14:03:02Z,push-default,True,True,False,False,False,https://github.com/RafaelBarbosa12/ponderada-metricas/actions/runs/26889954640
26889954640,1,e8b43b9540267f868461c19987f93ecf46fa307d,"docs: entrega final da ponderada — métricas, gráficos e relatório",completed,success,236.0,collect-metrics,203.0,Gravar métricas locais,0.0,13,0,0.0001,2026-06-03T14:03:02Z,push-default,True,True,False,False,False,https://github.com/RafaelBarbosa12/ponderada-metricas/actions/runs/26889954640
26889954640,1,e8b43b9540267f868461c19987f93ecf46fa307d,"docs: entrega final da ponderada — métricas, gráficos e relatório",completed,success,236.0,collect-metrics,203.0,Anotar resultados dos jobs,0.0,13,0,0.0001,2026-06-03T14:03:02Z,push-default,True,True,False,False,False,https://github.com/RafaelBarbosa12/ponderada-metricas/actions/runs/26889954640
26889954640,1,e8b43b9540267f868461c19987f93ecf46fa307d,"docs: entrega final da ponderada — métricas, gráficos e relatório",completed,success,236.0,collect-metrics,203.0,Upload métricas,1.0,13,0,0.0001,2026-06-03T14:03:02Z,push-default,True,True,False,False,False,https://github.com/RafaelBarbosa12/ponderada-metricas/actions/runs/26889954640
26889954640,1,e8b43b9540267f868461c19987f93ecf46fa307d,"docs: entrega final da ponderada — métricas, gráficos e relatório",completed,success,236.0,collect-metrics,203.0,Resumo no job,0.0,13,0,0.0001,2026-06-03T14:03:02Z,push-default,True,True,False,False,False,https://github.com/RafaelBarbosa12/ponderada-metricas/actions/runs/26889954640
26889954640,1,e8b43b9540267f868461c19987f93ecf46fa307d,"docs: entrega final da ponderada — métricas, gráficos e relatório",completed,success,236.0,collect-metrics,203.0,Post Setup Python,0.0,13,0,0.0001,2026-06-03T14:03:02Z,push-default,True,True,False,False,False,https://github.com/RafaelBarbosa12/ponderada-metricas/actions/runs/26889954640
26889954640,1,e8b43b9540267f868461c19987f93ecf46fa307d,"docs: entrega final da ponderada — métricas, gráficos e relatório",completed,success,236.0,collect-metrics,203.0,Post Run actions/checkout@v4,0.0,13,0,0.0001,2026-06-03T14:03:02Z,push-default,True,True,False,False,False,https://github.com/RafaelBarbosa12/ponderada-metricas/actions/runs/26889954640
26889954640,1,e8b43b9540267f868461c19987f93ecf46fa307d,"docs: entrega final da ponderada — métricas, gráficos e relatório",completed,success,236.0,collect-metrics,203.0,Complete job,0.0,13,0,0.0001,2026-06-03T14:03:02Z,push-default,True,True,False,False,False,https://github.com/RafaelBarbosa12/ponderada-metricas/actions/runs/26889954640
